X,Y,OBJECTID,Provider_Name,NPI,CCN,Business_Street_Address,Business_City,Business_County,Business_ZIP_Code,Business_State_Territory,Payment_Year_Number,Program_Type,Medicaid_EP_Hospital_Type,total_payments,Last_Payment_Criteria,Recent_Disbursement_Amount,Latitude,Longitude,Last_Program_Year,Last_Payment_Year
-124.142008559,40.783559489,1,ST JOSEPH HEALTH NORTHERN CALIFORNIA LLC,1609858950,50006,2700 Dolbeer St,Eureka,Humboldt,95501,California,4,Medicare/Medicaid,Acute Care Hospitals,1530950.7,MU,153095.07,40.7835594893242,-124.142008559438,2015,2016
-122.086674,37.632915,2,HAYWARD SISTERS HOSPITAL,1942298153,50002,27200 Calaroga Ave,Hayward,Alameda,94545,California,4,Medicare/Medicaid,Acute Care Hospitals,3245920.28,MU,324592.03,37.632915,-122.086674,2015,2016
-122.295861,38.3254020000001,3,ST JOSEPH HEALTH NORTHERN CALIFORNIA LLC,1235218785,50009,1000 Trancas St,Napa,Napa,94558,California,4,Medicare/Medicaid,Acute Care Hospitals,1262015.89,MU,126201.59,38.325402,-122.295861,2015,2016
-120.76646679,38.3509197990001,4,SUTTER VALLEY HOSPITALS,1447494323,50014,200 Mission Blvd,Jackson,Amador,95642,California,4,Medicare/Medicaid,Acute Care Hospitals,865130.13,MU,86513.01,38.3509197990364,-120.766466790006,2017,2019
-122.43582,37.7690490000001,5,Sutter Bay Hospitals,1659439834,50008,CASTRO AND DUBOCE,San Francisco,San Francisco,94114,California,4,Medicare/Medicaid,Acute Care Hospitals,984465.12,MU,98446.51,37.769049,-122.43582,2016,2019
-122.392100763,37.7767154000001,6,DIGNITY COMMUNITY CARE,1770659336,50016,"185 Berry St, Suite 300",San Francisco,San Francisco,94107,California,1,Medicare/Medicaid,Acute Care Hospitals,309782.57,AIU,309782.57,37.7767153999079,-122.392100763085,2012,2012
-122.475332612,38.5420096820001,7,ST HELENA HOSPITAL,1720078082,50013,10 Woodland Rd,Saint Helena,Napa,94574,California,4,Medicare/Medicaid,Acute Care Hospitals,2190493.28,MU,219049.33,38.5420096824776,-122.475332611926,2015,2020
-122.392100763,37.7767154000001,8,DIGNITY COMMUNITY CARE,1487694857,50017,"185 Berry St, Suite 300",San Francisco,San Francisco,94107,California,4,Medicare/Medicaid,Acute Care Hospitals,3278931.53,MU,327893.15,37.7767153999079,-122.392100763085,2014,2015
-117.3814065,33.976368,9,"RIVERSIDE HEALTHCARE SYSTEM, L.P.",1114971660,50022,4445 Magnolia Ave,Riverside,Riverside,92501,California,4,Medicare/Medicaid,Acute Care Hospitals,3622771.23,MU,362277.12,33.976368,-117.3814065,2014,2015
-122.385230315,37.5926009630001,10,SUTTER BAY HOSPITALS,1043670334,50007,"1501 Trousdale Dr, Also 100 So San Mateo Dr, SAn Mateo Ca 94401",Burlingame,San Mateo,94010,California,4,Medicare/Medicaid,Acute Care Hospitals,807904.79,MU,80790.48,37.5926009630678,-122.385230315137,2016,2019
-117.082593,32.684337,11,PRIME HEALTHCARE PARADISE VALLEY,1356410351,50024,2400 E 4th St,National City,San Diego,91950,California,4,Medicare/Medicaid,Acute Care Hospitals,3198175.28,MU,319817.53,32.684337,-117.082593,2014,2015
-118.239331097,34.0646666430001,12,PAMC LTD PACIFIC ALLIANCE MEDICAL,1881656460,50018,531 W College St,Los Angeles,Los Angeles,90012,California,4,Medicare/Medicaid,Acute Care Hospitals,3614739.93,MU,361473.99,34.0646666430838,-118.239331096861,2015,2016
-117.00702,32.781438,13,GROSSMONT HOSPITAL CORPORATION,1528041811,50026,5555 Grossmont Center Dr,La Mesa,San Diego,91942,California,4,Medicare/Medicaid,Acute Care Hospitals,4808072.93,MU,480807.29,32.781438,-117.00702,2014,2015
-124.093018149,40.8966443460001,14,AMERICAN HOSPITAL MANAGEMENT CORPORATION,1518996040,50028,3800 Janes Rd,Arcata,Humboldt,95521,California,4,Medicare/Medicaid,Acute Care Hospitals,1573883.9,MU,157388.39,40.8966443460675,-124.093018149029,2016,2019
-121.5412965,39.506967,15,OROVILLE HOSPITAL,1871606269,50030,2767 Olive Hwy,Oroville,Butte,95966,California,4,Medicare/Medicaid,Acute Care Hospitals,2400247.13,MU,240024.71,39.506967,-121.5412965,2014,2015
-121.8498615,39.742155,16,ENLOE MEDICAL CENTER,1417901091,50039,1531 Esplanade,Chico,Butte,95926,California,4,Medicare/Medicaid,Acute Care Hospitals,2063955.77,MU,206395.58,39.742155,-121.8498615,2014,2015
-121.931844043,37.312874063,17,COUNTY OF SANTA CLARA,1063406551,50038,751 S Bascom Ave,San Jose,Santa Clara,95128,California,4,Medicare/Medicaid,Acute Care Hospitals,10030109.52,MU,1003010.95,37.3128740633328,-121.931844043105,2015,2016
-119.006847,35.3919690000001,18,BAKERSFIELD MEMORIAL HOSPITAL,1467538520,50036,420 34th St,Bakersfield,Kern,93301,California,2,Medicare/Medicaid,Acute Care Hospitals,4698451.6,MU,1761919.35,35.391969,-119.006847,2014,2014
-122.257251,37.8556740000001,19,SUTTER BAY HOSPITALS,1740279959,50043,2450 Ashby Ave,Berkeley,Alameda,94705,California,4,Medicare/Medicaid,Acute Care Hospitals,2355416.57,MU,235541.66,37.855674,-122.257251,2015,2016
-115.568490526,32.781451534,20,EL CENTRO REGIONAL MEDICAL CENTER,1861409823,50045,1415 Ross Ave,El Centro,Imperial,92243,California,3,Medicare/Medicaid,Acute Care Hospitals,2033425.24,MU,225936.14,32.7814515339034,-115.568490525535,2014,2015
-122.392100763,37.7767154000001,21,DIGNITY COMMUNITY CARE,1083732853,50042,"185 Berry St, Suite 300",San Francisco,San Francisco,94107,California,4,Medicare/Medicaid,Acute Care Hospitals,1783044.32,MU,178304.43,37.7767153999079,-122.392100763085,2017,2020
-118.445983458,34.324488306,22,COUNTY OF LOS ANGELES,1134143415,50040,14445 Olive View Drive,Sylmar,Los Angeles,91342,California,4,Medicare/Medicaid,Acute Care Hospitals,9246604.47,MU,924660.45,34.3244883058152,-118.445983458217,2018,2019
-122.430872313,37.7908213420001,23,Sutter Bay Hospitals,1740348929,50047,2333 Buchanan Street,San Francisco,San Francisco,94115,California,4,Medicare/Medicaid,Acute Care Hospitals,1934255,MU,193425.52,37.7908213416528,-122.430872312828,2017,2019
-116.9457705,33.931944,24,SAN GORGONIO MEMORIAL HOSPITAL,1568469997,50054,600 N Highland Springs Ave,Banning,Riverside,92220,California,4,Medicare/Medicaid,Acute Care Hospitals,1379115.3,MU,137911.53,33.931944,-116.9457705,2015,2019
-119.2949055,36.3278790000001,25,KAWEAH DELTA HEALTH CARE DISTRICT INC,1588663769,50057,400 W Mineral King Ave,Visalia,Tulare,93291,California,4,Medicare/Medicaid,Acute Care Hospitals,3907028,MU,390702.8,36.327879,-119.2949055,2015,2017
-118.158561878,34.689353748,26,ANTELOPE VALLEY HEALTH CARE DISTRICT,1366419517,50056,1600 W Avenue J,Lancaster,Los Angeles,93534,California,3,Medicare/Medicaid,Acute Care Hospitals,4693337.91,MU,521481.99,34.6893537475059,-118.158561877744,2016,2019
-119.783502,36.7431300000001,27,FRESNO COMMUNITY HOSPITAL AND MEDICAL CENTER,1104906569,50060,2823 Fresno St,Fresno,Fresno,93721,California,4,Medicare/Medicaid,Acute Care Hospitals,7045515.18,MU,704551.52,36.74313,-119.783502,2014,2015
-122.392100763,37.7767154000001,28,DIGNITY COMMUNITY CARE,1477610640,50058,"185 Berry St, Suite 300",San Francisco,San Francisco,94107,California,4,Medicare/Medicaid,Acute Care Hospitals,3515023.9,MU,351502.39,37.7767153999079,-122.392100763085,2015,2019
-120.860964,37.7571960000001,29,OAK VALLEY DISTRICT HOSPITAL,1346381415,50067,350 S Oak Ave,Oakdale,Stanislaus,95361,California,4,Medicare/Medicaid,Acute Care Hospitals,1389937.58,MU,138993.76,37.757196,-120.860964,2015,2016
-117.864914935,33.7823220650001,30,ST JOSEPH HOSPITAL OF ORANGE A CORP,1912982216,50069,1100 W Stewart Dr,Orange,Orange,92868,California,4,Medicare/Medicaid,Acute Care Hospitals,2221862.07,MU,222186.21,33.7823220649986,-117.864914935001,2015,2019
-118.290582,34.0962210000001,31,CHA HOLLYWOOD MEDICAL CENTER LP,1922033547,50063,1300 N Vermont Ave,Los Angeles,Los Angeles,90027,California,4,Medicare/Medicaid,Acute Care Hospitals,5717736.67,MU,571773.67,34.096221,-118.290582,2015,2019
-122.247574317,38.1283473,32,KAISER FOUNDATION HOSPITALS,1366513509,50073,975 Sereno Dr.,Vallejo,Solano,94589,California,4,Medicare/Medicaid,Acute Care Hospitals,525701.5,MU,52570.15,38.1283472999911,-122.247574316838,2018,2020
-122.420948854,37.7480115810001,33,Sutter Bay Hospitals,1730238007,50055,3555 CESAR SHAVEZ ST,San Francisco,San Francisco,94114,California,4,Medicare/Medicaid,Acute Care Hospitals,2402167.83,MU,240216.78,37.7480115811194,-122.420948854274,2016,2019
-121.995819033,37.3353770420001,34,KAISER FOUNDATION HOSPITALS,1326119967,50071,700 Lawrence Expressway,Santa Clara,Santa Clara,95051,California,4,Medicare/Medicaid,Acute Care Hospitals,477381.33,MU,47738.13,37.335377041769,-121.995819032514,2019,2020
-122.443227,37.7823060000001,35,KAISER FOUNDATION HOSPITALS,1134299522,50076,2425 Geary Blvd,San Francisco,San Francisco,94115,California,4,Medicare/Medicaid,Acute Care Hospitals,261042.93,MU,26104.29,37.782306,-122.443227,2019,2020
-117.1600785,32.7513060000001,36,SCRIPPS HEALTH,1659359446,50077,4077 5th Ave,San Diego,San Diego,92103,California,3,Medicare/Medicaid,Acute Care Hospitals,4229197.68,MU,469910.85,32.751306,-117.1600785,2014,2015
-122.2573365,37.8247500000001,37,KAISER FOUNDATION HOSPITALS,1427123132,50075,280 West MacArthur Boulevard,Oakland,Alameda,94611,California,4,Medicare/Medicaid,Acute Care Hospitals,938665.6,MU,93866.56,37.82475,-122.2573365,2018,2020
-117.16612341,32.7537362800001,38,UCSD MEDICAL CENTER,1184722779,50025,"200 West Arbor Drive, MC8937",San Diego,San Diego,92103,California,4,Medicare/Medicaid,Acute Care Hospitals,6466549.92,MU,646654.99,32.7537362795311,-117.166123410266,2014,2015
-122.392100763,37.7767154000001,39,DIGNITY COMMUNITY CARE,1073665360,50082,"185 Berry St, Suite 300",San Francisco,San Francisco,94107,California,4,Medicare/Medicaid,Acute Care Hospitals,2398830.39,MU,239883.04,37.7767153999079,-122.392100763085,2016,2020
-122.392100763,37.7767154000001,40,DIGNITY HEALTH,1528190931,50084,"185 Berry St, Suite 300",San Francisco,San Francisco,94107,California,4,Medicare/Medicaid,Acute Care Hospitals,3462126.09,MU,346212.61,37.7767153999079,-122.392100763085,2016,2019
-122.465131952,38.2884458550001,41,SONOMA VALLEY HEALTH CARE DISTRICT,1710063870,50090,347 Andrieux St,Sonoma,Sonoma,95476,California,4,Medicare/Medicaid,Acute Care Hospitals,720596.58,MU,72059.66,38.2884458548101,-122.465131951988,2015,2019
-117.322506774,34.131636744,42,COMMUNITY HOSPITAL OF SAN BERNARDINO,1235290818,50089,1805 Medical Center Drive,San Bernardino,San Bernardino,92411,California,4,Medicare/Medicaid,Acute Care Hospitals,5636863.53,MU,563686.35,34.1316367440984,-117.322506773829,2016,2019
-118.3036185,33.737938479,43,PROVIDENCE HEALTH SYSTEM - SOUTHERN CALIFORNIA,1942247291,50078,1300 W 7th St,San Pedro,Los Angeles,90732,California,4,Medicare/Medicaid,Acute Care Hospitals,1180069.73,MU,118006.97,33.7379384787926,-118.3036185,2014,2015
-119.765481176,36.837058056,44,SAINT AGNES MEDICAL CENTER,1205845567,50093,1303 E Herndon Ave,Fresno,Fresno,93720,California,4,Medicare/Medicaid,Acute Care Hospitals,3471484.22,MU,347148.42,36.8370580563219,-119.765481176381,2015,2019
-122.2373745,38.1306965310001,45,SUTTER VALLEY HOSPITALS,1366686248,50101,300 Hospital Dr,Vallejo,Solano,94589,California,4,Medicare/Medicaid,Acute Care Hospitals,1816273.63,MU,181627.36,38.1306965309882,-122.2373745,2017,2020
-117.155007,32.798322,46,SHARP MEMORIAL HOSPITAL,1407839921,50100,7901 Frost St,San Diego,San Diego,92123,California,4,Medicare/Medicaid,Acute Care Hospitals,3992869,MU,399286.89,32.798322,-117.155007,2014,2015
-117.638109,34.1024850000001,47,SAN ANTONIO COMMUNITY HOSPITAL INC,1780681189,50099,999 San Bernardino Rd,Upland,San Bernardino,91786,California,4,Medicare/Medicaid,Acute Care Hospitals,1456921.52,MU,145692.15,34.102485,-117.638109,2018,2020
-118.2242565,33.989221485,48,"CHHP HOLDINGS II, LLC",1891059127,50091,2623 E Slauson Ave,Huntington Park,Los Angeles,90255,California,4,Medicare/Medicaid,Acute Care Hospitals,3061384.82,MU,306138.48,33.9892214854577,-118.2242565,2015,2020
-117.439101,33.9268680000001,49,DOCTORS HOSPITAL OF RIVERSIDE LLC,1124596382,50102,3865 Jackson St,Riverside,Riverside,92503,California,4,Medicare/Medicaid,Acute Care Hospitals,4212811.78,MU,421281.18,33.926868,-117.439101,2018,2020
-118.2031065,33.9298470000001,50,PRIME HEALTHCARE SERVICES - ST FRANCIS LLC,1487697215,50104,3630 E Imperial Hwy,Lynwood,Los Angeles,90262,California,4,Medicare/Medicaid,Acute Care Hospitals,10011876.63,MU,1001187.66,33.929847,-118.2031065,2014,2015
-122.392100763,37.7767154000001,51,DIGNITY COMMUNITY CARE,1760510937,50107,"185 Berry St, Suite 300",San Francisco,San Francisco,94107,California,2,Medicare/Medicaid,Acute Care Hospitals,3065633.15,MU,1149612.43,37.7767153999079,-122.392100763085,2014,2015
-121.4692695,38.5720200000001,52,SUTTER VALLEY HOSPITALS,1811946734,50108,2801 L St,Sacramento,Sacramento,95816,California,4,Medicare/Medicaid,Acute Care Hospitals,5767312.23,MU,576731.22,38.57202,-121.4692695,2017,2019
-120.439197412,34.639524051,53,LOMPOC VALLEY MEDICAL CENTER,1194711952,50110,1515 East Ocean,Lompoc,Santa Barbara,93436,California,4,Medicare/Medicaid,Acute Care Hospitals,942933,MU,94293.27,34.6395240509353,-120.439197412035,2016,2020
-118.216909194,34.05085,54,WHITE MEMORIAL MEDICAL CENTER,1215927470,50103,1720 E Cesar E Chavez Ave,Los Angeles,Los Angeles,90033,California,3,Medicare/Medicaid,Acute Care Hospitals,6017613.32,MU,668623.7,34.0508499997115,-118.21690919401,2014,2015
-122.2993665,37.5313320000001,55,COUNTY OF SAN MATEO,1386713030,50113,222 W 39th Ave,San Mateo,San Mateo,94403,California,1,Medicare/Medicaid,Acute Care Hospitals,2075362.62,MU,2075362.62,37.531332,-122.2993665,2013,2014
-118.486164868,34.027523688,56,THE REGENTS OF THE UNIVERSITY OF CALIFORNIA,1427055839,50112,1250 16th St,Santa Monica,Los Angeles,90404,California,4,Medicare/Medicaid,Acute Care Hospitals,2255381.61,MU,225538.16,34.0275236883121,-118.486164868275,2015,2019
-118.283413316,34.07579737,57,TEMPLE HOSPITAL CORPORATION,1639166200,50111,235 N Hoover St,Los Angeles,Los Angeles,90004,California,2,Medicare/Medicaid,Acute Care Hospitals,1093021.73,MU,409883.15,34.0757973696982,-118.283413315858,2013,2013
-122.392100763,37.7767154000001,58,DIGNITY COMMUNITY CARE,1417089350,50116,"185 Berry Street, Suite 300",San Francisco,San Francisco,94107,California,4,Medicare/Medicaid,Acute Care Hospitals,2742759.63,MU,274275.96,37.7767153999079,-122.392100763085,2018,2020
-117.07628403,33.125806256,59,PALOMAR POMERADO HEALTH,1457321317,50115,555 E. Valley Parkway,Escondido,San Diego,92025,California,4,Medicare/Medicaid,Acute Care Hospitals,2720753.73,MU,272075.37,33.1258062563974,-117.076284030022,2016,2019
-119.668396552,36.325646383,60,HANFORD COMMUNITY HOSPITAL,1538141627,50121,115 Mall Dr,Hanford,Kings,93230,California,4,Medicare/Medicaid,Acute Care Hospitals,2552566.59,MU,255256.66,36.3256463834372,-119.668396551962,2015,2019
-121.3010235,37.9617480000001,61,DAMERON HOSPITAL ASSOCIATION,1538163886,50122,525 W Acacia St,Stockton,San Joaquin,95203,California,3,Medicare/Medicaid,Acute Care Hospitals,2295503.57,MU,255055.95,37.961748,-121.3010235,2016,2019
-121.197281621,37.801103864,62,"DOCTORS HOSPITAL OF MANTECA, INC.",1992736599,50118,1205 E North St,Manteca,San Joaquin,95336,California,4,Medicare/Medicaid,Acute Care Hospitals,663328.79,MU,66332.88,37.8011038640427,-121.197281621011,2015,2019
-121.848385137,37.363308251,63,"SAN JOSE HEALTHCARE SYSTEM, L.P.",1285688267,50125,225 N Jackson Ave,San Jose,Santa Clara,95116,California,4,Medicare/Medicaid,Acute Care Hospitals,2536394.27,MU,253639.43,37.3633082508229,-121.848385137053,2014,2015
-118.216801341,34.2055441050001,64,UNIVERSITY OF SOUTHERN CALIFORNIA,1154715845,50124,1812 Verdugo Blvd,Glendale,Los Angeles,91208,California,3,Medicare/Medicaid,Acute Care Hospitals,1025964.24,MU,113996.03,34.2055441049109,-118.216801341105,2018,2019
-117.29176157,33.1836723440001,65,TRI-CITY HOSPITAL,1801861190,50128,4002 Vista Way,Oceanside,San Diego,92056,California,4,Medicare/Medicaid,Acute Care Hospitals,3261331.1,MU,326133.11,33.1836723442202,-117.291761570085,2016,2019
-118.462752,34.193957529,66,VALLEY PRESBYTERIAN HOSPITAL,1578529285,50126,15107 Vanowen St,Van Nuys,Los Angeles,91405,California,4,Medicare/Medicaid,Acute Care Hospitals,6661200.53,MU,666120.05,34.1939575287665,-118.462752,2016,2018
-122.392100763,37.7767154000001,67,DIGNITY COMMUNITY CARE,1922116037,50127,"185 Berry St, Suite 300",San Francisco,San Francisco,94107,California,4,Medicare/Medicaid,Acute Care Hospitals,891973.7,MU,89197.37,37.7767153999079,-122.392100763085,2014,2015
-122.392100763,37.7767154000001,68,DIGNITY COMMUNITY CARE,1689769911,50129,"185 Berry St, Suite 300",San Francisco,San Francisco,94107,California,4,Medicare/Medicaid,Acute Care Hospitals,5008423.42,MU,500842.34,37.7767153999079,-122.392100763085,2018,2020
-122.559816791,38.098269873,69,Sutter Bay Hospitals,1104059153,50131,180 ROWLAND WAY,NOVATO,Marin,94945,California,4,Medicare/Medicaid,Acute Care Hospitals,425674.07,MU,42567.41,38.0982698732466,-122.559816791303,2016,2019
-118.1058795,34.100802,70,"AHMC SAN GABRIEL VALLEY MEDICAL CENTER, LP",1275720377,50132,438 W Las Tunas Dr,San Gabriel,Los Angeles,91776,California,4,Medicare/Medicaid,Acute Care Hospitals,2140193.1,MU,214019.31,34.100802,-118.1058795,2016,2019
-121.593537428,39.138799593,71,RIDEOUT MEMORIAL HOSPITAL,1720088354,50133,726 4th St,Marysville,Yuba,95901,California,4,Medicare/Medicaid,Acute Care Hospitals,2730821.7,MU,273082.17,39.138799593341,-121.593537428472,2015,2019
-122.6318175,38.2547970000001,72,SRM ALLIANCE HOSPITAL SERVICES,1235162645,50136,400 N McDowell Blvd,Petaluma,Butte,95954,California,4,Medicare/Medicaid,Acute Care Hospitals,670201.3,MU,67020.13,38.254797,-122.6318175,2015,2016
-118.325078078,34.0962039630001,73,"Southern California Healthcare System, Inc",1023010113,50135,6245 De Longpre Ave,Hollywood,Los Angeles,90028,California,4,Medicare/Medicaid,Acute Care Hospitals,4267842.43,MU,426784.24,34.0962039630965,-118.325078077991,2016,2018
-118.430838922,34.2198069890001,74,KAISER FOUNDATION HOSPITALS,1376698043,50137,13652 Cantara St.,Panorama City,Los Angeles,91402,California,4,Medicare/Medicaid,Acute Care Hospitals,421519.13,MU,42151.91,34.2198069888915,-118.430838922009,2018,2019
-117.432081,34.0718400000001,75,KAISER FOUNDATION HOSPITALS,1356496772,50140,9961 Sierra Avenue,Fontana,San Bernardino,92335,California,4,Medicare/Medicaid,Acute Care Hospitals,1108375.17,MU,110837.52,34.07184,-117.432081,2018,2020
-118.2956445,34.0981734960001,76,KAISER FOUNDATION HOSPITALS,1821143777,50138,4867 Sunset Blvd.,Los Angeles,Los Angeles,90027,California,4,Medicare/Medicaid,Acute Care Hospitals,956601.88,MU,95660.19,34.0981734959893,-118.2956445,2018,2020
-118.129295485,33.9171000440001,77,KAISER FOUNDATION HOSPITALS,1518012301,50139,9333 Imperial HIghway,Downey,Los Angeles,90242,California,4,Medicare/Medicaid,Acute Care Hospitals,1121875.08,MU,112187.51,33.9171000437344,-118.129295485422,2018,2020
-117.973559929,34.1321925410001,78,City of Hope National Medical Center,1750358297,50146,1500 E Duarte Rd,Duarte,Los Angeles,91010,California,1,Medicaid,Acute Care Hospitals,748906.68,AIU,748906.68,34.1321925411167,-117.973559928877,2011,2013
-121.046873519,39.228512734,79,Sierra Nevada Memorial Miners Hospital,1659361392,50150,155 Glasson Way,Grass Valley,Nevada,95945,California,4,Medicare/Medicaid,Acute Care Hospitals,958784.78,MU,95878.48,39.2285127343473,-121.046873519043,2016,2019
-121.915227668,36.5791636820001,80,COMMUNITY HOSPITAL OF THE MONTEREY PENINSULA,1932197258,50145,"23625 Holman Hwy, Attn: Administration",Monterey,Monterey,93940,California,4,Medicare/Medicaid,Acute Care Hospitals,603720.1,MU,60372.01,36.5791636822387,-121.915227668209,2015,2019
-122.417067131,37.7895263880001,81,SAINT FRANCIS MEMORIAL HOSPITAL,1316061997,50152,900 Hyde St,San Francisco,San Francisco,94109,California,4,Medicare/Medicaid,Acute Care Hospitals,1457532.8,MU,145753.28,37.78952638802,-122.41706713137,2014,2015
-121.9372695,37.3270785230001,82,O'CONNOR HOSPITAL,1649381682,50153,2105 Forest Ave,San Jose,Santa Clara,95128,California,4,Medicare/Medicaid,Acute Care Hospitals,2545647.18,MU,254564.72,37.327078522707,-121.9372695,2014,2015
-118.487137752,34.156869984,83,PRIME HEALTHCARE SERVICES ENCINO LLC,1437322377,50158,16237 Ventura Blvd,Encino,Los Angeles,91436,California,4,Medicare/Medicaid,Acute Care Hospitals,443778.57,MU,44377.86,34.1568699839572,-118.487137752005,2014,2015
-119.251855838,34.276256892,84,COUNTY OF VENTURA,1629167457,50159,3291 Loma Vista Rd,Ventura,Ventura,93003,California,4,Medicare/Medicaid,Acute Care Hospitals,7286260.92,MU,728626.09,34.2762568923478,-119.251855838335,2015,2019
-121.284144,37.886715,85,COUNTY OF SAN JOAQUIN,1992870430,50167,500 W. Hospital Rd.,French Camp,San Joaquin,95231,California,3,Medicare/Medicaid,Acute Care Hospitals,4700148.64,MU,522238.74,37.886715,-121.284144,2014,2015
-122.70095323,38.442998436,86,ST JOSEPH HEALTH NORTHERN CALIFORNIA LLC,1134152549,50174,1165 Montgomery Drive,Santa Rosa,Sonoma,95405,California,4,Medicare/Medicaid,Acute Care Hospitals,2156267.6,MU,215626.76,38.4429984355411,-122.700953230105,2015,2016
-117.926973,33.8943780000001,87,ST JUDE HOSPITAL INC,1891904942,50168,101 E. Valencia Mesa Dr.,Fullerton,Orange,92835,California,4,Medicare/Medicaid,Acute Care Hospitals,933607.08,MU,93360.71,33.894378,-117.926973,2017,2019
-118.265365479,34.0372595050001,88,DIGNITY COMMUNITY CARE,1114081056,50149,1401 South Grand Avenue,Los Angeles,Los Angeles,90015,California,3,Medicare/Medicaid,Acute Care Hospitals,10045484.04,MU,1116164.89,34.0372595048761,-118.265365479225,2017,2019
-120.837488081,37.5105211210001,89,"DOCTORS MEDICAL CENTER OF MODESTO, INC.",1396087672,50179,825 Delbon Ave,Turlock,Stanislaus,95382,California,4,Medicare/Medicaid,Acute Care Hospitals,2471331.67,MU,247133.17,37.5105211208372,-120.837488081049,2016,2019
-118.0490535,33.969339,90,"PRESBYTERIAN INTERCOMMUNITY HOSPITAL, INC.",1043215379,50169,12401 Washington Blvd,Whittier,Los Angeles,90602,California,4,Medicare/Medicaid,Acute Care Hospitals,2042004.68,MU,204200.47,33.969339,-118.0490535,2014,2015
-121.1331015,36.206037,91,Southern Monterey County Memorial Hospital,1114917564,50189,300 Canal St,King City,Monterey,93930,California,1,Medicare/Medicaid,Acute Care Hospitals,913899.37,AIU,913899.37,36.206037,-121.1331015,2011,2012
-119.452023,36.6078234840001,92,REEDLEY COMMUNITY HOSPITAL,1336167550,50192,372 W. Cypress Ave,Reedley,Fresno,93654,California,4,Medicare/Medicaid,Acute Care Hospitals,2800274.78,MU,280027.48,36.6078234835245,-119.452023,2016,2019
-121.793619646,36.928197326,93,WATSONVILLE HOSPITAL CORPORATION,1710958228,50194,75 Nielson St,Watsonville,Santa Cruz,95076,California,4,Medicare/Medicaid,Acute Care Hospitals,2967844.47,MU,296784.45,36.9281973255747,-121.793619646312,2015,2016
-122.040783,37.9130400000001,94,JOHN MUIR HEALTH,1740215219,50180,1601 Ygnacio Valley Rd,Walnut Creek,Contra Costa,94598,California,1,Medicare/Medicaid,Acute Care Hospitals,651901.26,AIU,651901.26,37.91304,-122.040783,2014,2017
-118.1858535,33.77997,95,DIGNITY COMMUNITY CARE,1194840421,50191,1050 Linden Avenue,Long Beach,Los Angeles,90813,California,4,Medicare/Medicaid,Acute Care Hospitals,5587382.32,MU,558738.23,33.77997,-118.1858535,2018,2020
-121.980651426,37.5579365300001,96,WASHINGTON TOWNSHIP HOSPITAL DISTRICT,1780614685,50195,2000 Mowry Ave,Fremont,Alameda,94538,California,4,Medicare/Medicaid,Acute Care Hospitals,2296979.78,MU,229697.98,37.5579365303017,-121.980651426486,2016,2020
-122.253683248,37.7632615200001,97,ALAMEDA COUNTY MEDICAL CENTER,1225059355,50211,2070 Clinton Ave,Alameda,Alameda,94501,California,2,Medicare/Medicaid,Acute Care Hospitals,757172.9,MU,283939.84,37.7632615203707,-122.253683248139,2013,2013
-119.646007366,36.335951665,98,CENTRAL VALLEY GENERAL HOSPITAL,1891777983,50196,1025 N Douty St,Hanford,Kings,93230,California,3,Medicare/Medicaid,Acute Care Hospitals,2743310.81,MU,304812.31,36.3359516647239,-119.646007365601,2014,2015
-117.024054676,32.618572624,99,SHARP CHULA VISTA MEDICAL CENTER,1396728630,50222,751 Medical Center Ct,Chula Vista,San Diego,91911,California,4,Medicare/Medicaid,Acute Care Hospitals,4033705,MU,403370.55,32.6185726236941,-117.024054676352,2014,2015
-118.144546086,34.5839369030001,100,LANCASTER HOSPITAL CORPORATION,1508856535,50204,38600 Medical Center Dr,Palmdale,Los Angeles,93551,California,4,Medicare/Medicaid,Acute Care Hospitals,996647.38,MU,99664.74,34.5839369032963,-118.144546086414,2015,2016
-121.571442,39.7572210000001,101,FEATHER RIVER HOSPITAL,1518940667,50225,5974 Pentz Rd,Paradise,Butte,95969,California,4,Medicare/Medicaid,Acute Care Hospitals,1245554.87,MU,124555.49,39.757221,-121.571442,2015,2020
-117.866131284,34.1286237840001,102,EAST VALLEY GLENDORA HOSPITAL L P,1649307489,50205,150 W Route 66,Glendora,Los Angeles,91740,California,4,Medicare/Medicaid,Acute Care Hospitals,1683322.33,MU,168332.23,34.1286237838613,-117.866131283861,2015,2019
-117.933748606,33.847181145,103,AHMC ANAHEIM REGIONAL MEDICAL CENTER LP,1891938122,50226,1111 W La Palma Ave,Anaheim,Orange,92801,California,4,Medicare/Medicaid,Acute Care Hospitals,2016249.98,MU,201625,33.8471811449588,-117.93374860644,2015,2016
-122.4058185,37.756332,104,CITY & COUNTY OF SAN FRANCISCO,1164609962,50228,1001 Potrero Ave,San Francisco,San Francisco,94110,California,4,Medicare/Medicaid,Acute Care Hospitals,6904547.37,MU,690454.74,37.756332,-122.4058185,2014,2015
-117.913812292,33.774502565,105,PRIME HEALTHCARE SERVICES - GARDEN GROVE LLC,1659538858,50230,12601 Garden Grove Blvd,Garden Grove,Orange,92843,California,4,Medicare/Medicaid,Acute Care Hospitals,3751520.8,MU,375152.08,33.7745025645735,-117.913812291563,2014,2015
-117.750627,34.077096,106,POMONA VALLEY HOSPITAL MEDICAL CENTER,1407813660,50231,1798 N. Garey Ave.,Pomona,Los Angeles,91767,California,4,Medicare/Medicaid,Acute Care Hospitals,8843869.27,MU,884386.93,34.077096,-117.750627,2015,2016
-122.392100763,37.7767154000001,107,DIGNITY COMMUNITY CARE,1881760452,50232,"185 Berry St, Suite 300",San Francisco,San Francisco,94107,California,3,Medicare/Medicaid,Acute Care Hospitals,961334.3,MU,106814.92,37.7767153999079,-122.392100763085,2016,2019
-117.92908202,33.6229490000001,108,HOAG MEMORIAL HOSPITAL PRESBYTERIAN,1518951300,50224,One Hoag Drive,Newport Beach,Orange,92663,California,4,Medicare/Medicaid,Acute Care Hospitals,1347215.8,MU,134721.58,33.6229489996366,-117.9290820197,2018,2020
-117.16812,32.6947950000001,109,SHARP CORONADO HOSPITAL AND HEALTHCARE CENTER,1154304475,50234,230 Prospect Pl,Coronado,San Diego,92118,California,4,Medicare/Medicaid,Acute Care Hospitals,434863,MU,43486.28,32.694795,-117.16812,2015,2018
-118.348565448,34.1883912230001,110,PROVIDENCE HEALTH SYSTEM-SOUTHERN CALIFORNIA,1336173269,50235,"3413 W Pacific Ave, Ste 201",Burbank,Los Angeles,91505,California,4,Medicare/Medicaid,Acute Care Hospitals,2265126.07,MU,226512.61,34.1883912231806,-118.348565448237,2014,2015
-118.743923237,34.289297047,111,SIMI VALLEY HOSPITAL & HEALTH CARE SERVICES,1063495190,50236,2975 N Sycamore Dr,Simi Valley,Ventura,93065,California,4,Medicare/Medicaid,Acute Care Hospitals,660731.13,MU,66073.11,34.289297046627,-118.743923237088,2015,2019
-118.042738239,34.134546797,112,METHODIST HOSPITAL OF SOUTHERN CALIFORNIA,1508851288,50238,300 W Huntington Dr,Arcadia,Los Angeles,91007,California,4,Medicare/Medicaid,Acute Care Hospitals,1991011.48,MU,199101.15,34.1345467967861,-118.042738239051,2014,2015
-118.230615,34.1507790000001,113,GLENDALE ADVENTIST MEDICAL CENTER,1831188275,50239,1509 Wilson Ter,Glendale,Los Angeles,91206,California,4,Medicare/Medicaid,Acute Care Hospitals,3842487.03,MU,384248.7,34.150779,-118.230615,2015,2019
-121.634037,36.6972480000001,114,COUNTY OF MONTEREY,1205863255,50248,1441 Constitution Blvd,Salinas,Monterey,93906,California,4,Medicare/Medicaid,Acute Care Hospitals,5609621.57,MU,560962.16,36.697248,-121.634037,2015,2019
-122.392100763,37.7767154000001,115,DIGNITY COMMUNITY CARE,1427181007,50242,"185 Berry St, Suite 300",San Francisco,San Francisco,94107,California,4,Medicare/Medicaid,Acute Care Hospitals,2129035.27,MU,212903.53,37.7767153999079,-122.392100763085,2014,2015
-116.545541704,33.8385272960001,116,"TENET HEALTHSYSTEM DESERT, INC.",1104856095,50243,1150 N Indian Canyon Dr,Palm Springs,Riverside,92262,California,4,Medicare/Medicaid,Acute Care Hospitals,3920567.47,MU,392056.75,33.8385272956986,-116.545541704301,2014,2014
-120.790695878,38.7246320890001,117,MARSHALL MEDICAL CENTER,1972503142,50254,1100 Marshall Way,Placerville,El Dorado,95667,California,3,Medicare/Medicaid,Acute Care Hospitals,919053.79,MU,102117.09,38.7246320888107,-120.790695878065,2015,2016
-119.027248051,36.069529491,118,Sierra View Local Health Care District,1639143381,50261,465 W Putnam Ave,Porterville,Tulare,93257,California,3,Medicare/Medicaid,Acute Care Hospitals,2528732.98,MU,280970.33,36.0695294906232,-119.02724805107,2014,2015
-119.039733,35.411724,119,GOOD SAMARITAN HOSPITAL CA LTD PTP,1205852209,50257,901 Olive Drive,Bakersfield,Kern,93308,California,2,Medicare/Medicaid,Acute Care Hospitals,2119346.08,MU,794754.78,35.411724,-119.039733,2013,2014
-117.2051775,34.036506,120,REDLANDS COMMUNITY HOSPITAL,1043354111,50272,350 Terracina Blvd,Redlands,San Bernardino,92373,California,4,Medicare/Medicaid,Acute Care Hospitals,1501003.31,MU,150100.33,34.036506,-117.2051775,2016,2020
-122.132916,38.0065680000001,121,CONTRA COSTA COUNTY,1386719086,50276,2500 Alhambra Ave,Martinez,Contra Costa,94553,California,4,Medicare/Medicaid,Acute Care Hospitals,6273265.12,MU,627326.51,38.006568,-122.132916,2015,2016
-118.193049,33.80733,122,HEALTHSMART PACIFIC INC,1861407637,50277,2776 Pacific Ave,Long Beach,Los Angeles,90806,California,3,Medicare/Medicaid,Acute Care Hospitals,1110809.22,MU,123423.25,33.80733,-118.193049,2013,2014
-118.460286,34.2790494820001,123,PROVIDENCE HEALTH SYSTEM - SOUTHERN CALIFORNIA,1477587632,50278,15031 Rinaldi St,Mission Hills,Los Angeles,91345,California,4,Medicare/Medicaid,Acute Care Hospitals,2538389.07,MU,253838.91,34.2790494821108,-118.460286,2014,2015
-118.44531362,34.066088119,124,Regents University of California Los Angeles,1902803315,50262,757 Westwood Plz,Los Angeles,Los Angeles,90095,California,4,Medicare/Medicaid,Acute Care Hospitals,4069740.52,MU,406974.05,34.0660881190778,-118.445313620376,2015,2017
-116.276672527,34.1326350630001,125,HDMC HOLDINGS LLC,1447239785,50279,6601 White Feather Rd,Joshua Tree,San Bernardino,92252,California,1,Medicare/Medicaid,Acute Care Hospitals,886915.72,MU,886915.72,34.1326350632755,-116.276672526633,2013,2013
-122.392100763,37.7767154000001,126,DIGNITY COMMUNITY CARE,1477671535,50280,"185 Berry St, Suite 300",San Francisco,San Francisco,94107,California,4,Medicare/Medicaid,Acute Care Hospitals,2281405.47,MU,228140.55,37.7767153999079,-122.392100763085,2017,2020
-122.474961,37.6803540000001,127,SETON MEDICAL CENTER Coatside,1154428688,50289,1900 Sullivan Ave,Daly City,San Mateo,94015,California,3,Medicare/Medicaid,Acute Care Hospitals,1258434.08,MU,139826.01,37.680354,-122.474961,2014,2020
-118.14399,34.090227,128,"ALHAMBRA HOSPITAL MEDICAL CENTER, LP",1770612756,50281,100 S Raymond Ave,Alhambra,Los Angeles,91801,California,4,Medicare/Medicaid,Acute Care Hospitals,1403667.18,MU,140366.72,34.090227,-118.14399,2015,2016
-117.195867,33.912018,129,COUNTY OF RIVERSIDE,1821159195,50292,26520 Cactus Ave,Moreno Valley,Riverside,92555,California,4,Medicare/Medicaid,Acute Care Hospitals,11245913.39,MU,1124591.34,33.912018,-117.195867,2018,2019
-121.386230864,36.8350634920001,130,HAZEL HAWKINS MEMORIAL HOSPITAL,1275578817,50296,911 Sunset Dr,Hollister,San Benito,95023,California,4,Medicare/Medicaid,Acute Care Hospitals,1402886.02,MU,140288.6,36.835063492354,-121.386230863726,2015,2019
-122.392100763,37.7767154000001,131,DIGNITY COMMUNITY CARE,1104981661,50295,"185 Berry St, Suite 300",San Francisco,San Francisco,94107,California,3,Medicare/Medicaid,Acute Care Hospitals,1298262.21,MU,144251.36,37.7767153999079,-122.392100763085,2014,2015
-122.707075183,38.468592232,132,Sutter Bay Hospitals,1740413798,50291,3325 CHANATE ROAD,SANTA ROSA,Sonoma,95404,California,4,Medicare/Medicaid,Acute Care Hospitals,2600884.23,MU,260088.42,38.4685922324132,-122.707075183074,2017,2019
-123.203547085,39.1520665420001,133,UKIAH ADVENTIST HOSPTIAL,1235120676,50301,275 Hospital Dr,Ukiah,Mendocino,95482,California,4,Medicare/Medicaid,Acute Care Hospitals,1698925.52,MU,169892.55,39.1520665417796,-123.203547084714,2015,2020
-117.018864,34.89372,134,HOSPITAL OF BARSTOW INC,1780655670,50298,555 S 7th Ave,Barstow,San Bernardino,92311,California,4,Medicare/Medicaid,Acute Care Hospitals,975565.3,MU,97556.53,34.89372,-117.018864,2015,2016
-122.257251,37.8556740000001,135,SUTTER BAY HOSPITALS,1013906221,50305,2450 Ashby Ave,Berkeley,Alameda,94705,California,4,Medicare/Medicaid,Acute Care Hospitals,4894877.62,MU,489487.76,37.855674,-122.257251,2015,2016
-121.248567324,38.7663309970001,136,SUTTER VALLEY HOSPITALS,1356390264,50309,1 Medical Plaza Dr,Roseville,Placer,95661,California,4,Medicare/Medicaid,Acute Care Hospitals,1451684.91,MU,145168.49,38.7663309966531,-121.248567324109,2017,2019
-120.9749805,37.6702920000001,137,SUTTER VALLEY HOSPITALS,1770726861,50313,"1800 Coffee Rd., Ste. 81",Modesto,Stanislaus,95355,California,4,Medicare/Medicaid,Acute Care Hospitals,1285313.72,MU,128531.37,37.670292,-120.9749805,2015,2016
-118.9707885,35.382438,138,KERN COUNTY HOSPITAL AUTHORITY,1376623538,50315,1700 Mount Vernon Avenue,Bakersfield,Kern,93306,California,2,Medicare/Medicaid,Acute Care Hospitals,6368741.38,MU,2388278.02,35.382438,-118.9707885,2012,2013
-122.231195302,37.799174964,139,ALAMEDA HEALTH SYSTEM,1083815872,50320,1411 E 31st St,Oakland,Alameda,94602,California,4,Medicare/Medicaid,Acute Care Hospitals,6396625.82,MU,639662.58,37.7991749640439,-122.231195302492,2015,2016
-117.224784647,32.886497703,140,SCRIPPS HEALTH,1841277704,50324,9888 Genesee Ave,La Jolla,San Diego,92037,California,1,Medicare/Medicaid,Acute Care Hospitals,677865.75,AIU,677865.75,32.8864977028977,-117.224784647267,2016,2018
-117.261171974,34.04920309,141,"SEVENTH DAY ADVENTISTS LOMA LINDA UNIVERSITY MEDICAL CENTER, INC.",1194731935,50327,"11234 Anderson St, Room 1140",Loma Linda,San Bernardino,92354,California,4,Medicare/Medicaid,Acute Care Hospitals,7465049.37,MU,746504.94,34.0492030899336,-117.261171974219,2015,2019
-121.646313,36.6591060000001,142,SALINAS VALLEY MEMORIAL HEALTHCARE SYSTEM,1750384079,50334,450 E Romie Ln,Salinas,Monterey,93901,California,4,Medicare/Medicaid,Acute Care Hospitals,1937753.81,MU,193775.38,36.659106,-121.646313,2014,2015
-117.265347,34.5422610000001,143,ST MARY MEDICAL CENTER,1669456299,50300,18300 US Highway 18,Apple Valley,San Bernardino,92307,California,3,Medicare/Medicaid,Acute Care Hospitals,3151766.13,MU,350196.24,34.542261,-117.265347,2014,2015
-121.287798,38.1203550000001,144,LODI MEMORIAL HOSPITAL ASSOCIATION INC,1316938301,50336,975 S Fairmont Ave,Lodi,San Joaquin,95240,California,4,Medicare/Medicaid,Acute Care Hospitals,1885440.2,MU,188544.02,38.120355,-121.287798,2014,2015
-120.36899949,37.9756806180001,145,SONORA COMMUNITY HOSPITAL,1780673376,50335,1000 Greenley Rd,Sonora,Tuolumne,95370,California,4,Medicare/Medicaid,Acute Care Hospitals,1059039.18,MU,105903.92,37.9756806184294,-120.368999489758,2015,2019
-117.568242,33.8729670000001,146,"UHS-CORONA, INC.",1457347239,50329,800 S Main St,Corona,Riverside,92882,California,4,Medicare/Medicaid,Acute Care Hospitals,2499437.57,MU,249943.76,33.872967,-117.568242,2015,2016
-119.564159055,36.099759497,147,Corcoran District Hospital,1255334595,50349,1310 Hanna Ave,Corcoran,Kings,93212,California,2,Medicare/Medicaid,Acute Care Hospitals,631722.26,MU,236895.85,36.0997594971145,-119.56415905537,2012,2013
-115.552929593,32.9600027490001,148,PIONEERS MEMORIAL HEALTHCARE DISTRICT,1073519443,50342,207 W Legion Rd,Brawley,Imperial,92227,California,4,Medicare/Medicaid,Acute Care Hospitals,2280052.18,MU,228005.22,32.9600027486874,-115.55292959306,2015,2016
-117.888678,33.7883670000001,149,UNIVERSITY OF CALIFORNIA IRVINE,1689608150,50348,101 The City Drive South,Orange,Orange,92868,California,4,Medicare/Medicaid,Acute Care Hospitals,5152273.53,MU,515227.35,33.788367,-117.888678,2014,2015
-118.344411,33.812352,150,TORRANCE MEMORIAL MEDICAL CENTER,1467459776,50351,3330 Lomita Blvd,Torrance,Los Angeles,90505,California,4,Medicare/Medicaid,Acute Care Hospitals,1626121.8,MU,162612.18,33.812352,-118.344411,2014,2015
-118.100637,34.0150140000001,151,BEVERLY COMMUNITY HOSPITAL ASSOCIATION,1184628919,50350,309 W Beverly Blvd,Montebello,Los Angeles,90640,California,4,Medicare/Medicaid,Acute Care Hospitals,3282840.81,MU,328284.08,34.015014,-118.100637,2015,2016
-119.809283309,34.434167674,152,GOLETA VALLEY COTTAGE HOSPITAL,1225038136,50357,351 S Patterson Ave,Santa Barbara,Santa Barbara,93111,California,3,Medicare/Medicaid,Acute Care Hospitals,434446.1,MU,48271.79,34.4341676738132,-119.809283308875,2018,2020
-118.3571595,33.83856,153,PROVIDENCE HEALTH SYSTEM - SOUTHERN CALIFORNIA,1902844988,50353,4101 Torrance Blvd,Torrance,Los Angeles,90503,California,4,Medicare/Medicaid,Acute Care Hospitals,1980538.5,MU,198053.85,33.83856,-118.3571595,2014,2015
-119.337702588,36.220261017,154,TULARE LOCAL HEALTHCARE DISTRICT,1306840723,50359,869 N Cherry St,Tulare,Tulare,93274,California,3,Medicare/Medicaid,Acute Care Hospitals,2533680.72,MU,281520.08,36.2202610167344,-119.3377025878,2016,2019
-117.2890305,34.0664850000001,155,COUNTY OF SAN BERNARDINO,1790781169,50245,"268 W. Hospitality Lane, Suite 400",San Bernardino,UNKNOWN,92415,California,1,Medicare/Medicaid,Acute Care Hospitals,10325565.88,AIU,10325565.88,34.066485,-117.2890305,2011,2013
-122.535873,37.947393,156,MARIN GENERAL HOSPITAL,1396725677,50360,250 Bon Air Rd,Greenbrae,Marin,94904,California,3,Medicare/Medicaid,Acute Care Hospitals,897576.47,MU,99730.72,37.947393,-122.535873,2014,2015
-119.997580112,38.9122815380001,157,BARTON HEALTHCARE SYSTEM,1003867565,50352,"2170 South Ave, ATTN: Quality",South Lake Tahoe,El Dorado,96150,California,4,Medicare/Medicaid,Acute Care Hospitals,786769.13,MU,78676.91,38.9122815383754,-119.997580112268,2018,2020
-118.293532021,33.831556547,158,COUNTY OF LOS ANGELES,1477574838,50376,1000 West Carson Street,Torrance,Los Angeles,90502,California,4,Medicare/Medicaid,Acute Care Hospitals,11584132.87,MU,1158413.29,33.8315565465993,-118.293532021206,2017,2019
-121.946489277,37.2511197090001,159,Good Samaritan Hospital LP,1437103777,50380,2425 Samaritan Dr,San Jose,Santa Clara,95124,California,4,Medicare/Medicaid,Acute Care Hospitals,988473.33,MU,98847.33,37.2511197091865,-121.946489276992,2014,2015
-122.047353,38.2610944900001,160,NORTHBAY HEALTHCARE GROUP,1821147786,50367,"1200 B Gale Wilson Blvd, Attn:  Art DeNio",Fairfield,Solano,94533,California,4,Medicare/Medicaid,Acute Care Hospitals,2280398.97,MU,228039.9,38.2610944902182,-122.047353,2014,2015
-122.820093505,38.3966576350001,161,PALM DRIVE HEALTH CARE DISTRICT,1508891649,50385,501 Petaluma Ave,Sebastopol,Sonoma,95472,California,1,Medicare/Medicaid,Acute Care Hospitals,234374,AIU,234374,38.396657635091,-122.820093505454,2013,2013
-118.208178,34.0596540000001,162,COUNTY OF LOS ANGELES,1598773715,50373,1200 North State Street,Los Angeles,Los Angeles,90033,California,4,Medicare/Medicaid,Acute Care Hospitals,12527232.27,MU,1252723.23,34.059654,-118.208178,2017,2018
-117.893412,34.088022,163,CITRUS VALLEY MEDICAL CENTER INC.,1982629440,50382,210 W San Bernardino Rd,Covina,Los Angeles,91723,California,4,Medicare/Medicaid,Acute Care Hospitals,5950994.43,MU,595099.44,34.088022,-117.893412,2016,2018
-116.9601255,33.7500000000001,164,PHYSICIANS FOR HEALTHY HOSPITALS INC,1114239068,50390,1117 E Devonshire Ave,Hemet,Riverside,92543,California,4,Medicare/Medicaid,Acute Care Hospitals,1584149.41,MU,158414.94,33.75,-116.9601255,2015,2016
-119.257367731,34.274755699,165,COMMUNITY MEMORIAL HEALTH SYSTEM,1215903018,50394,147 N Brent St,Ventura,Ventura,93003,California,4,Medicare/Medicaid,Acute Care Hospitals,1274935.79,MU,127493.58,34.274755698569,-119.257367730711,2015,2016
-118.396485,34.240077,166,PACIFICA OF THE VALLEY CORPORATION,1548328750,50378,9449 San Fernando Road,Sun Valley,Los Angeles,91352,California,2,Medicare/Medicaid,Acute Care Hospitals,3177953.21,MU,1191732.45,34.240077,-118.396485,2014,2015
-119.722198513,34.43035303,167,SANTA BARBARA COTTAGE HOSPITAL,1477554152,50396,320 W Pueblo St,Santa Barbara,Santa Barbara,93105,California,4,Medicare/Medicaid,Acute Care Hospitals,2293656.52,MU,229365.65,34.4303530299786,-119.722198513416,2015,2019
-118.131174,33.9344370000001,168,"DOWNEY REGIONAL MEDICAL CENTER-HOSPITAL, INC",1265433551,50393,11500 Brookshire Ave,Downey,Los Angeles,90241,California,4,Medicare/Medicaid,Acute Care Hospitals,2181788.43,MU,218178.84,33.934437,-118.131174,2018,2019
-120.341025445,36.151526039,169,COALINGA REGIONAL MEDICAL CENTER,1184655052,50397,1191 Phelps Ave,Coalinga,Fresno,93210,California,3,Medicare/Medicaid,Acute Care Hospitals,343830.93,MU,38203.44,36.1515260391825,-120.341025445323,2015,2018
-122.408982,37.7954730000001,170,CHINESE HOSPITAL ASSOCIATION,1992898837,50407,845 Jackson Street,San Francisco,San Francisco,94133,California,4,Medicare/Medicaid,Acute Care Hospitals,468115.37,MU,46811.54,37.795473,-122.408982,2017,2019
-124.193188283,41.7727165040001,171,SUTTER COAST HOSPITAL,1457367062,50417,800 E Washington Blvd,Crescent City,Del Norte,95531,California,4,Medicare/Medicaid,Acute Care Hospitals,1096966.33,MU,109696.63,41.7727165044711,-124.193188282618,2018,2019
-118.294835527,33.7882681310001,172,KAISER FOUNDATION HOSPITALS,1336294040,50411,25825 Vermont Ave.,Harbor City,Los Angeles,90710,California,4,Medicare/Medicaid,Acute Care Hospitals,385249.47,MU,38524.95,33.7882681307919,-118.294835527122,2018,2020
-122.392100763,37.7767154000001,173,DIGNITY COMMUNITY CARE,1356389878,50414,"185 Berry St, Suite 300",San Francisco,San Francisco,94107,California,4,Medicare/Medicaid,Acute Care Hospitals,703579.8,MU,70357.98,37.7767153999079,-122.392100763085,2014,2015
-121.3925895,38.602089,174,KAISER FOUNDATION HOSPITALS,1952476665,50425,2025 Morse Ave,Sacramento,Sacramento,95825,California,4,Medicare/Medicaid,Acute Care Hospitals,350055.79,MU,35005.58,38.602089,-121.3925895,2018,2019
-117.994896,33.82476947,175,Prime Healthcare Anaheim LLC,1871501916,50426,3033 W Orange Ave,Anaheim,Orange,92804,California,4,Medicare/Medicaid,Acute Care Hospitals,1178754.07,MU,117875.41,33.8247694696747,-117.994896,2014,2015
-117.244472448,33.3802017300001,176,FALLBROOK HOSPITAL DISTRICT,1447222674,50435,624 E Elder St,Fallbrook,San Diego,92028,California,3,Medicare/Medicaid,Acute Care Hospitals,644259.87,MU,71584.43,33.3802017302784,-117.244472448237,2014,2015
-122.175882289,37.4330948190001,177,STANFORD HOSPITAL AND CLINICS,1871543215,50441,300 Pasteur Dr,Stanford,Santa Clara,94305,California,4,Medicare/Medicaid,Acute Care Hospitals,2559408.73,MU,255940.87,37.4330948190555,-122.175882289385,2014,2015
-114.595504493,33.6126870000001,178,Palo Verde Health Care District,1194705202,50423,250 N 1st St,Blythe,Riverside,92225,California,3,Medicare/Medicaid,Acute Care Hospitals,1131374.22,MU,125708.25,33.612687,-114.59550449345,2014,2015
-122.457623746,37.763509695,179,UNIVERSITY OF CALIFORNIA SAN FRANCISCO,1689772592,50454,505 Parnassus Ave,San Francisco,UNKNOWN,94143,California,4,Medicare/Medicaid,Acute Care Hospitals,4440113.87,MU,444011.39,37.7635096949249,-122.457623745766,2016,2019
-118.152243,34.1336610000001,180,"PASADENA HOSPITAL ASSOCIATION, LTD.",1407828429,50438,100 W. California Blvd,Pasadena,Los Angeles,91105,California,4,Medicare/Medicaid,Acute Care Hospitals,3201969.09,MU,320196.91,34.133661,-118.152243,2014,2015
-122.392100763,37.7767154000001,181,DIGNITY COMMUNITY CARE,1518018191,50444,"185 Berry St, Suite 300",San Francisco,San Francisco,94107,California,4,Medicare/Medicaid,Acute Care Hospitals,3181804.6,MU,318180.46,37.7767153999079,-122.392100763085,2016,2019
-119.018891649,35.383050031,182,SAN JOAQUIN COMMUNITY HOSPITAL,1538157508,50455,2615 Chester Ave,Bakersfield,Kern,93301,California,4,Medicare/Medicaid,Acute Care Hospitals,2792055.92,MU,279205.59,35.3830500313636,-119.018891648652,2015,2020
-117.669853315,35.6402360490001,183,RIDGECREST REGIONAL HOSPITAL,1447253125,50448,1081 N China Lake Blvd,Ridgecrest,Kern,93555,California,1,Medicare/Medicaid,Acute Care Hospitals,614716.03,AIU,614716.03,35.6402360489061,-117.66985331528,2012,2013
-120.997926,37.6668720000001,184,"DOCTORS MEDICAL CENTER OF MODESTO, INC.",1184654923,50464,1441 Florida Ave,Modesto,Stanislaus,95350,California,4,Medicare/Medicaid,Acute Care Hospitals,5241775.3,MU,524177.53,37.666872,-120.997926,2015,2019
-122.392100763,37.7767154000001,185,DIGNITY COMMUNITY CARE,1174667158,50457,"185 Berry St, Suite 300",San Francisco,San Francisco,94107,California,4,Medicare/Medicaid,Acute Care Hospitals,800758.2,MU,80075.82,37.7767153999079,-122.392100763085,2014,2015
-118.295027984,33.892411081,186,Gardena Hospital LP,1063412005,50468,1145 W Redondo Beach Blvd,Gardena,Los Angeles,90247,California,4,Medicare/Medicaid,Acute Care Hospitals,3813735.49,MU,381373.55,33.8924110811064,-118.295027984044,2014,2015
-118.186632,33.808293,187,LONG BEACH MEMORIAL MEDICAL,1962442012,50485,2801 Atlantic Ave,Long Beach,Los Angeles,90806,California,4,Medicare/Medicaid,Acute Care Hospitals,8145680.5,MU,814568.05,33.808293,-118.186632,2015,2016
-119.783502,36.7431300000001,188,FRESNO COMMUNITY HOSPITAL AND MEDICAL CENTER,1316027709,50492,2823 Fresno St,Fresno,Fresno,93721,California,4,Medicare/Medicaid,Acute Care Hospitals,1795452.38,MU,179545.24,36.74313,-119.783502,2014,2015
-118.265335975,34.053285089,189,Good Samaritan Hospital -SNF,1508859323,50471,1225 Wilshire Blvd,Los Angeles,Los Angeles,90017,California,4,Medicare/Medicaid,Acute Care Hospitals,3899845.21,MU,389984.52,34.0532850891114,-118.265335974903,2014,2015
-118.629400919,34.2029395010001,190,WEST HILLS HOSPITAL,1023065729,50481,7300 Medical Center Dr,West Hills,Los Angeles,91307,California,4,Medicare/Medicaid,Acute Care Hospitals,363369.38,MU,36336.94,34.2029395006925,-118.629400919442,2014,2015
-122.087328166,37.6981381740001,191,SUTTER BAY HOSPITALS,1063812907,50488,20103 Lake Chabot Rd,Castro Valley,Alameda,94546,California,4,Medicare/Medicaid,Acute Care Hospitals,1942703.9,MU,194270.39,37.6981381735212,-122.087328166339,2015,2020
-121.099429464,38.9443134690001,192,SUTTER VALLEY HOSPITALS,1194774299,50498,11815 Education St,Auburn,Placer,95602,California,4,Medicare/Medicaid,Acute Care Hospitals,878604.8,MU,87860.48,38.9443134694149,-121.099429464422,2017,2019
-122.034618685,37.983556423,193,JOHN MUIR HEALTH,1801821376,50496,2540 East St,Concord,Contra Costa,94520,California,2,Medicare/Medicaid,Acute Care Hospitals,824709.14,MU,309265.93,37.9835564234255,-122.034618685315,2014,2014
-117.284000345,33.036278345,194,SCRIPPS HEALTH,1700829199,50503,354 Santa Fe Drive,Encinitas,San Diego,92024,California,1,Medicare/Medicaid,Acute Care Hospitals,618840.42,AIU,618840.42,33.0362783453514,-117.284000345351,2016,2018
-122.096165015,37.630272226,195,KAISER FOUNDATION HOSPITALS,1801960513,50512,27400 Hesperian Blvd.,Hayward,Alameda,94545,California,4,Medicare/Medicaid,Acute Care Hospitals,415091.5,MU,41509.15,37.6302722262103,-122.096165015379,2018,2020
-120.666436851,35.2909914960001,196,"SIERRA VISTA HOSPITAL, INC.",1639101116,50506,1010 Murray St,San Luis Obispo,San Luis Obispo,93405,California,4,Medicare/Medicaid,Acute Care Hospitals,3382917.57,MU,338291.76,35.290991495527,-120.666436850915,2014,2014
-117.095031,32.791572,197,KAISER FOUNDATION HOSPITALS,1013062769,50515,4647 Zion Ave.,San Diego,San Diego,92120,California,4,Medicare/Medicaid,Acute Care Hospitals,640030.22,MU,64003.02,32.791572,-117.095031,2018,2019
-122.554102846,38.004698381,198,KAISER FOUNDATION HOSPITALS,1194895227,50510,99 Montecillo Rd,San Rafael,Marin,94903,California,4,Medicare/Medicaid,Acute Care Hospitals,175861.23,MU,17586.12,38.0046983810378,-122.554102845749,2018,2019
-122.257251,37.8556740000001,199,SUTTER BAY HOSPITALS,1811129752,50523,2450 Ashby Ave,Berkeley,Alameda,94705,California,4,Medicare/Medicaid,Acute Care Hospitals,1997361.2,MU,199736.12,37.855674,-122.257251,2015,2016
-122.392100763,37.7767154000001,200,DIGNITY COMMUNITY CARE,1972541498,50516,"185 Berry St, Suite 300",San Francisco,San Francisco,94107,California,4,Medicare/Medicaid,Acute Care Hospitals,4340638.08,MU,434063.81,37.7767153999079,-122.392100763085,2014,2014
-117.292557484,34.5282442910001,201,"Victor Valley Hospital Acquisition, Inc.",1679879589,50517,15248 11th St,Victorville,San Bernardino,92395,California,4,Medicare/Medicaid,Acute Care Hospitals,3340869,MU,334086.9,34.5282442908708,-117.292557483553,2017,2020
-117.989030415,33.704059585,202,Prime Healthcare Huntington Beach,1083622120,50526,17772 Beach Blvd,Huntington Beach,Orange,92647,California,4,Medicare/Medicaid,Acute Care Hospitals,834380.78,MU,83438.08,33.7040595851302,-117.98903041532,2014,2015
-120.9749805,37.6702920000001,203,SUTTER VALLEY HOSPITALS,1033352125,50528,"1800 Coffee Rd., Ste. 81",Modesto,Stanislaus,95355,California,3,Medicare/Medicaid,Acute Care Hospitals,2253953.13,MU,250439.24,37.670292,-120.9749805,2014,2015
-122.222743777,37.489419636,204,KAISER FOUNDATION HOSPITALS,1386714814,50541,1150 Veterans Blvd.,Redwood City,San Mateo,94063,California,4,Medicare/Medicaid,Acute Care Hospitals,126249.13,MU,12624.91,37.4894196360443,-122.222743777166,2019,2020
-121.770684,38.562642,205,SUTTER VALLEY HOSPITALS,1770532608,50537,2000 Sutter Place,Davis,Yolo,95616,California,4,Medicare/Medicaid,Acute Care Hospitals,1659242,MU,165924.2,38.562642,-121.770684,2017,2020
-117.912069,33.651864,206,CHCM INC,1922039205,50543,301 Victoria St,Costa Mesa,Orange,92627,California,4,Medicare/Medicaid,Acute Care Hospitals,4994196,MU,499419.6,33.651864,-117.912069,2015,2019
-118.882161,34.207569,207,LOS ROBLES REGIONAL MEDICAL CENTER,1306890389,50549,215 W Janss Rd,Thousand Oaks,Ventura,91360,California,4,Medicare/Medicaid,Acute Care Hospitals,612018.27,MU,61201.83,34.207569,-118.882161,2014,2015
-118.066662,33.804405,208,"LOS ALAMITOS CENTER, INC",1568493922,50551,3751 Katella Ave,Los Alamitos,Orange,90720,California,4,Medicare/Medicaid,Acute Care Hospitals,929043.2,MU,92904.32,33.804405,-118.066662,2015,2020
-120.9749805,37.6702920000001,209,SUTTER VALLEY HOSPITALS,1629059746,50557,"1800 Coffee Rd., Ste. 81",Modesto,Stanislaus,95355,California,4,Medicare/Medicaid,Acute Care Hospitals,2968880.69,MU,296888.07,37.670292,-120.9749805,2015,2016
-117.665762671,33.560086918,210,MISSION HOSPITAL REGIONAL MEDICAL CENTER,1992752315,50567,27700 Medical Center Rd,Mission Viejo,Orange,92691,California,4,Medicare/Medicaid,Acute Care Hospitals,1553925.82,MU,155392.58,33.5600869176519,-117.665762670524,2015,2016
-118.273723366,34.0632520290001,211,ST. VINCENT MEDICAL CENTER,1124004304,50502,2131 W 3rd St,Los Angeles,Los Angeles,90057,California,4,Medicare/Medicaid,Acute Care Hospitals,1372227.03,MU,137222.7,34.0632520294304,-118.273723365803,2015,2019
-118.375265312,34.0377521340001,212,KAISER FOUNDATION HOSPITALS,1134274897,50561,6041 Cadillac Ave.,Los Angeles,Los Angeles,90034,California,4,Medicare/Medicaid,Acute Care Hospitals,440704.93,MU,44070.49,34.0377521335618,-118.37526531153,2018,2019
-120.044702271,36.945383484,213,MADERA COMMUNITY HOSPITAL,1669673646,50568,1250 E Almond Ave,Madera,Madera,93637,California,4,Medicare/Medicaid,Acute Care Hospitals,2213215.67,MU,221321.57,36.9453834839868,-120.04470227079,2015,2016
-117.934362,33.7129650000001,214,FOUNTAIN VALLEY REGIONAL HOSPITAL & MEDICAL CENTER,1821002007,50570,17100 Euclid St,Fountain Valley,Orange,92708,California,4,Medicare/Medicaid,Acute Care Hospitals,4726779.63,MU,472677.96,33.712965,-117.934362,2015,2017
-116.408066918,33.7646325540001,215,EISENHOWER MEDICAL CENTER,1013981554,50573,39000 Bob Hope Dr,Rancho Mirage,Riverside,92270,California,4,Medicare/Medicaid,Acute Care Hospitals,1448675.03,MU,144867.5,33.7646325539846,-116.408066917885,2018,2019
-116.2338615,33.700220319,216,"JFK MEMORIAL HOSPITAL, INC.",1477584993,50534,47-111 Monroe Street,Indio,Riverside,92201,California,4,Medicare/Medicaid,Acute Care Hospitals,4097795.59,MU,409779.56,33.700220319262,-116.2338615,2014,2014
-118.03730087,33.847549649,217,PRIME HEALTHCARE LA PALMA LLC,1417965559,50580,7901 Walker St,LA Palma,Orange,90623,California,4,Medicare/Medicaid,Acute Care Hospitals,1374430.8,MU,137443.08,33.8475496486237,-118.037300869928,2014,2015
-117.685655214,34.026272094,218,"VERITAS HEALTH SERVICES, INC.",1962407460,50586,5451 Walnut Ave,Chino,San Bernardino,91710,California,4,Medicare/Medicaid,Acute Care Hospitals,1926048.03,MU,192604.8,34.0262720942933,-117.685655214265,2014,2015
-117.84206764,33.886827269,219,"PLACENTIA LINDA HOSPITAL, INC.",1700817756,50589,1301 N Rose Dr,Placentia,Orange,92870,California,4,Medicare/Medicaid,Acute Care Hospitals,621880.13,MU,62188.01,33.8868272685596,-117.842067640017,2014,2014
-117.834354188,34.099053785,220,PRIME HEALTHCARE SERVICES - SAN DIMAS LLC,1740447945,50588,1350 W Covina Blvd,San Dimas,Los Angeles,91773,California,4,Medicare/Medicaid,Acute Care Hospitals,747871.73,MU,74787.17,34.0990537849587,-117.834354187851,2014,2015
-122.392100763,37.7767154000001,221,DIGNITY COMMUNITY CARE,1467560599,50590,"185 Berry St, Suite 300",San Francisco,San Francisco,94107,California,4,Medicare/Medicaid,Acute Care Hospitals,3542725.1,MU,354272.51,37.7767153999079,-122.392100763085,2014,2015
-118.148427,33.860200478,222,"LAKEWOOD REGIONAL MEDICAL CENTER, INC.",1184655581,50581,3700 South St,Lakewood,Los Angeles,90712,California,4,Medicare/Medicaid,Acute Care Hospitals,1514092.5,MU,151409.25,33.8602004776101,-118.148427,2015,2019
-121.4566785,38.5551810000001,223,REGENTS OF THE UNIVERSITY OF CALIFORNIA,1710918545,50599,2315 Stockton Blvd,Sacramento,Sacramento,95817,California,4,Medicare/Medicaid,Acute Care Hospitals,7051498.72,MU,705149.87,38.555181,-121.4566785,2014,2015
-117.872517315,34.132887,224,FOOTHILL PRESBYTERIAN HOSPITAL MORRIS L. JOHNSTON MEMORIAL,1992733513,50597,250 S Grand Ave,Glendora,Los Angeles,91741,California,4,Medicare/Medicaid,Acute Care Hospitals,1056735.59,MU,105673.56,34.132887,-117.87251731531,2016,2019
-119.238867,35.761489608,225,CENTRAL CALIFORNIA FOUNDATION FOR HEALTH,1144237272,50608,1401 Garces Hwy,Delano,Kern,93215,California,4,Medicare/Medicaid,Acute Care Hospitals,2444752.21,MU,244475.22,35.7614896083766,-119.238867,2015,2019
-117.710649,33.608367,226,SADDLEBACK MEMORIAL MEDICAL CENTER,1275576381,50603,24451 Health Center Dr,Laguna Hills,Orange,92653,California,4,Medicare/Medicaid,Acute Care Hospitals,671212.92,MU,67121.29,33.608367,-117.710649,2018,2020
-121.800429,37.240128,227,KAISER FOUNDATION HOSPITALS,1063582989,50604,250 Hospital Parkway,San Jose,Santa Clara,95119,California,4,Medicare/Medicaid,Acute Care Hospitals,235043.18,MU,23504.32,37.240128,-121.800429,2018,2019
-116.887911648,34.246053928,228,BEAR VALLEY COMMUNITY HEALTHCARE DISTRICT,1073553756,50618,"41870 GARSTIN DRIVE, BOX 1649",BIG BEAR LAKE,San Bernardino,92315,California,1,Medicare/Medicaid,Acute Care Hospitals,277837.6,AIU,277837.6,34.246053927895,-116.887911647931,2013,2013
-122.392100763,37.7767154000001,229,DIGNITY COMMUNITY CARE,1194877332,50616,"185 Berry St, Suite 300",San Francisco,San Francisco,94107,California,3,Medicare/Medicaid,Acute Care Hospitals,242038.23,MU,26893.14,37.7767153999079,-122.392100763085,2017,2019
-118.553967,34.3982340000001,230,HENRY MAYO NEWHALL MEMORIAL HOSPITAL,1780668434,50624,23845 McBean Pkwy,Valencia,Los Angeles,91355,California,4,Medicare/Medicaid,Acute Care Hospitals,1243637.28,MU,124363.73,34.398234,-118.553967,2014,2015
-120.720638551,35.5544234880001,231,"TWIN CITIES COMMUNITY HOSPITAL, INC.",1396778197,50633,1100 Las Tablas Rd,Templeton,San Luis Obispo,93465,California,4,Medicare/Medicaid,Acute Care Hospitals,1041613.97,MU,104161.4,35.5544234877367,-120.72063855107,2014,2014
-117.816654703,33.854308127,232,KAISER FOUNDATION HOSPITALS,1144375056,50609,441 North Lakeview Ave,Anaheim,Orange,92807,California,4,Medicare/Medicaid,Acute Care Hospitals,518166.28,MU,51816.63,33.8543081268107,-117.816654703098,2018,2020
-118.380817708,34.0768135760001,233,CEDARS-SINAI MEDICAL CENTER,1891940326,50625,8700 Beverly Blvd,Los Angeles,Los Angeles,90048,California,4,Medicare/Medicaid,Acute Care Hospitals,2083225.09,MU,208322.51,34.0768135764328,-118.380817707744,2015,2016
-118.18404,34.023905509,234,East LA Doctors Hospital LP,1417957473,50641,4060 Whittier Blvd,Los Angeles,Los Angeles,90023,California,4,Medicare/Medicaid,Acute Care Hospitals,3387218.42,MU,338721.84,34.0239055090024,-118.18404,2014,2015
-118.204731075,34.0619637570001,235,UNIVERSITY OF SOUTHERN CALIFORNIA,1770728438,50660,"1441 Eastlake Ave, # 2407",Los Angeles,Los Angeles,90089,California,4,Medicaid,Acute Care Hospitals,1359893.7,MU,135989.37,34.0619637571175,-118.204731074613,2018,2020
-121.4223975,38.4703920000001,236,KAISER FOUNDATION HOSPITALS,1528138088,50674,6600 Bruceville Rd,Sacramento,Sacramento,95823,California,4,Medicare/Medicaid,Acute Care Hospitals,1006200.48,MU,100620.05,38.470392,-121.4223975,2018,2020
-117.956560732,33.7016139950001,237,ORANGE COAST MEMORIAL MEDICAL CENTER,1497702575,50678,9920 Talbert Ave,Fountain Valley,Orange,92708,California,4,Medicare/Medicaid,Acute Care Hospitals,1226512.32,MU,122651.23,33.7016139953691,-117.956560732045,2015,2016
-118.1863665,34.0191,238,"ALTA LOS ANGELES HOSPITALS, INC.",1922001809,50663,4081 E Olympic Blvd,Los Angeles,Los Angeles,90023,California,4,Medicare/Medicaid,Acute Care Hospitals,4583986.57,MU,458398.66,34.0191,-118.1863665,2016,2018
-116.9601255,33.7500000000001,239,PHYSICIANS FOR HEALTHY HOSPITALS INC,1467764308,50684,1117 E Devonshire Ave,Hemet,Riverside,92543,California,2,Medicare/Medicaid,Acute Care Hospitals,557003.02,MU,208876.13,33.75,-116.9601255,2016,2018
-118.588153004,34.1712570490001,240,KAISER FOUNDATION HOSPITALS,1295880912,50677,5601 DeSoto Ave,Woodland Hills,Los Angeles,91367,California,4,Medicare/Medicaid,Acute Care Hospitals,190475.67,MU,19047.57,34.1712570488487,-118.588153004068,2018,2020
-121.572943594,37.0350168190001,241,SAINT LOUISE REGIONAL HOSPITAL,1386746337,50688,9400 NO NAME UNO,GILROY,Santa Clara,95020,California,3,Medicare/Medicaid,Acute Care Hospitals,1205800.95,MU,133977.88,37.0350168194062,-121.572943593919,2014,2020
-122.7260745,38.4718140000001,242,KAISER FOUNDATION HOSPITALS,1407925928,50690,401 Bicentennial Way,Santa Rosa,Sonoma,95403,California,4,Medicare/Medicaid,Acute Care Hospitals,325484.27,MU,32548.43,38.471814,-122.7260745,2018,2020
-117.469269,33.9048000000001,243,KAISER FOUNDATION HOSPITALS,1306991211,50686,10800 Magnolia Ave,Riverside,Riverside,92505,California,4,Medicare/Medicaid,Acute Care Hospitals,296486.3,MU,29648.63,33.9048,-117.469269,2018,2020
-117.057898817,32.9966017130001,244,PALOMAR POMERADO HEALTH,1376513754,50636,15615 Pomerado Road,Poway,San Diego,92029,California,4,Medicare/Medicaid,Acute Care Hospitals,931318.12,MU,93131.81,32.9966017127359,-117.05789881684,2016,2019
-117.18355611,33.558073307,245,UNIVERSAL HEALTH SERVICES OF RANCHO SPRINGS INC,1245221050,50701,25500 Medical Center Dr,Murrieta,Riverside,92562,California,4,Medicare/Medicaid,Acute Care Hospitals,2375854.87,MU,237585.49,33.5580733067685,-117.183556109643,2015,2016
-118.456542,34.2204120000001,246,DEANCO HEALTHCARE LLC,1750365375,50704,14850 Roscoe Blvd,Panorama City,Los Angeles,91402,California,4,Medicare/Medicaid,Acute Care Hospitals,3478215,MU,347821.55,34.220412,-118.456542,2014,2016
-119.783503321,36.843167221,247,KAISER FOUNDATION HOSPITALS,1083784672,50710,7300 N. Fresno St.,Fresno,Fresno,93720,California,4,Medicare/Medicaid,Acute Care Hospitals,7565.5,MU,756.55,36.8431672209302,-119.783503321109,2018,2020
-118.203174308,34.062140034,248,UNIVERSITY OF SOUTHERN CALIFORNIA,1952546616,50696,1500 San Pablo St,Los Angeles,Los Angeles,90033,California,4,Medicare/Medicaid,Acute Care Hospitals,1264242.62,MU,126424.26,34.0621400338451,-118.20317430775,2018,2019
-118.1581335,33.928956,249,COUNTY OF LOS ANGELES,1336154020,50717,7601 East Imperial Highway,Downey,Los Angeles,90242,California,4,Medicare/Medicaid,Acute Care Hospitals,4862337.01,MU,486233.7,33.928956,-118.1581335,2018,2019
-117.984508423,34.0647887310001,250,KAISER FOUNDATION HOSPITALS,1477608271,50723,1011 Baldwin Park Blvd,Baldwin Park,Los Angeles,91706,California,4,Medicare/Medicaid,Acute Care Hospitals,316491.27,MU,31649.13,34.0647887305668,-117.984508423048,2018,2020
-122.385230315,37.5926009630001,251,SUTTER BAY HOSPITALS,1689035628,50714,"1501 Trousdale Dr, Also 100 So San Mateo Dr, SAn Mateo Ca 94401",Burlingame,San Mateo,94010,California,4,Medicare/Medicaid,Acute Care Hospitals,1131837.22,MU,113183.72,37.5926009630678,-122.385230315137,2016,2019
-118.186632,33.808293,252,LONG BEACH MEMORIAL MEDICAL,1720371065,50727,2801 Atlantic Ave,Long Beach,Los Angeles,90806,California,4,Medicare/Medicaid,Acute Care Hospitals,610088.81,MU,61008.88,33.808293,-118.186632,2017,2019
-118.004499,33.9504480000001,253,AHMC WHITTIER HOSPITAL MEDICAL CENTER LP,1023000569,50735,9080 Colima Rd,Whittier,Los Angeles,90605,California,4,Medicare/Medicaid,Acute Care Hospitals,2587578,MU,258757.76,33.950448,-118.004499,2016,2020
-118.138748838,34.0497016250001,254,AHMC MONTEREY PARK HOSPITAL LP,1780676221,50736,900 S Atlantic Blvd,Monterey Park,Los Angeles,91754,California,4,Medicare/Medicaid,Acute Care Hospitals,3517621.2,MU,351762.12,34.0497016250217,-118.138748837613,2016,2019
-118.1238795,34.067934,255,AHMC GARFIELD MEDICAL CENTER LP,1730171265,50737,525 N Garfield Ave,Monterey Park,Los Angeles,91754,California,4,Medicare/Medicaid,Acute Care Hospitals,3573573.63,MU,357357.36,34.067934,-118.1238795,2015,2016
-118.0434375,34.047765,256,AHMC GREATER EL MONTE COMMUNITY,1346232881,50738,1701 Santa Anita Ave,South El Monte,Los Angeles,91733,California,4,Medicare/Medicaid,Acute Care Hospitals,3631674.87,MU,363167.49,34.047765,-118.0434375,2016,2019
-118.348237089,33.9491351460001,257,PRIME HEALTHCARE CENTINELA LLC,1336328244,50739,555 E Hardy St,Inglewood,Los Angeles,90301,California,4,Medicare/Medicaid,Acute Care Hospitals,5073066.03,MU,507306.6,33.9491351456111,-118.34823708881,2015,2019
-117.825762312,33.787886939,258,CHAPMAN MEDICAL CENTER INC.,1427041110,50745,2601 E Chapman Ave,Orange,Orange,92869,California,4,Medicare/Medicaid,Acute Care Hospitals,357357.47,MU,35735.75,33.7878869393701,-117.825762312126,2015,2016
-117.908947651,33.8205260450001,259,WMC-A INC,1790778488,50744,1025 S Anaheim Blvd,Anaheim,Orange,92805,California,4,Medicare/Medicaid,Acute Care Hospitals,2991541.83,MU,299154.18,33.8205260446652,-117.908947650903,2015,2016
-117.834152704,33.7532329900001,260,WMC-SA INC,1982697678,50746,1001 N Tustin Ave,Santa Ana,Orange,92705,California,4,Medicare/Medicaid,Acute Care Hospitals,9248025.2,MU,924802.52,33.7532329902154,-117.834152704301,2015,2016
-118.360062,34.0573680000001,261,OLYMPIA HEALTH CARE LLC,1245371343,50742,5900 W Olympic Blvd,Los Angeles,Los Angeles,90036,California,4,Medicare/Medicaid,Acute Care Hospitals,964718.47,MU,96471.85,34.057368,-118.360062,2018,2019
-117.884277,33.711084,262,COASTAL COMMUNITIES HOSPITAL INC.,1558354258,50747,2701 S Bristol St,Santa Ana,Orange,92704,California,4,Medicare/Medicaid,Acute Care Hospitals,3866329.4,MU,386632.94,33.711084,-117.884277,2015,2016
-121.246101,37.7973574820001,263,KAISER FOUNDATION HOSPITALS,1740354851,50748,1777 W. Yosemite Ave,Manteca,San Joaquin,95337,California,4,Medicare/Medicaid,Acute Care Hospitals,68865.12,MU,6886.51,37.7973574824566,-121.246101,2018,2020
-117.05742,32.775876,264,"ALVARADO HOSPITAL, LLC",1265468946,50757,6655 Alvarado Rd,San Diego,San Diego,92120,California,4,Medicare/Medicaid,Acute Care Hospitals,1496335.97,MU,149633.6,32.775876,-117.05742,2015,2019
-118.448729449,34.1602528990001,265,Prime Healthcare Services - Sherman,1750491247,50755,4929 Van Nuys Blvd,Sherman Oaks,Los Angeles,91403,California,4,Medicare/Medicaid,Acute Care Hospitals,1449962.2,MU,144996.22,34.1602528986958,-118.44872944867,2014,2015
-117.29771847,34.47092015,266,"Desert Valley Hospital, Inc.",1851396576,50709,"16850 Bear Valley Rd, Attention Hospital Business Office",Victorville,San Bernardino,92395,California,4,Medicare/Medicaid,Acute Care Hospitals,2027312.63,MU,202731.26,34.4709201499791,-117.297718470166,2014,2015
-118.397176011,34.0230420410001,267,"Brotman Medical Center, Inc.",1205925054,50752,3828 Delmas Terrace,Culver City,Los Angeles,90232,California,1,Medicare/Medicaid,Acute Care Hospitals,677421.13,AIU,677421.13,34.0230420405389,-118.39717601108,2012,2013
-117.696202439,34.0776797980001,268,"PRIME HEALTHCARE SERVICES III, LLC",1992721161,50758,5000 San Bernardino St,Montclair,San Bernardino,91763,California,4,Medicare/Medicaid,Acute Care Hospitals,3159200.47,MU,315920.05,34.0776797977661,-117.696202438802,2014,2015
-118.532033439,34.16979831,269,"TARZANA MEDICAL CENTER, LLC",1821250762,50761,18321 Clark St,Tarzana,Los Angeles,91356,California,4,Medicare/Medicaid,Acute Care Hospitals,699971.23,MU,69997.12,34.1697983100867,-118.532033439494,2014,2015
-122.3877915,40.585518,270,PRIME HEALTHCARE SERVICES - SHASTA LLC,1205089026,50764,1100 Butte St,Redding,Shasta,96001,California,4,Medicare/Medicaid,Acute Care Hospitals,1487445.2,MU,148744.52,40.585518,-122.3877915,2015,2020
-117.186021,33.895524487,271,KAISER FOUNDATION HOSPITALS,1174793459,50765,27300 Iris Ave,Moreno Valley,Riverside,92555,California,4,Medicare/Medicaid,Acute Care Hospitals,296821.08,MU,29682.11,33.8955244872458,-117.186021,2018,2019
-121.938457091,38.3886155490001,272,KAISER FOUNDATION HOSPITALS,1710116116,50767,1 Quality Drive,Vacaville,Solano,95688,California,4,Medicare/Medicaid,Acute Care Hospitals,179195.17,MU,17919.52,38.3886155492528,-121.93845709083,2018,2019
-117.169137,33.614739,273,LOMA LINDA UNIVERSITY MEDICAL CENTER-MURRIETA,1588908388,50770,28062 Baxter Rd,Murrieta,UNKNOWN,92563,California,4,Medicare/Medicaid,Acute Care Hospitals,1040641.53,MU,104064.15,33.614739,-117.169137,2018,2020
-121.776336,37.9518840000001,274,KAISER FOUNDATION HOSPITALS,1851417547,50760,4501 Sand Creek Road,Antioch,Contra Costa,94531,California,4,Medicare/Medicaid,Acute Care Hospitals,389401.28,MU,38940.13,37.951884,-121.776336,2018,2020
-118.263401539,34.068783174,275,LA DOWNTOWN MEDICAL CENTER LLC,1427293216,50763,1711 W Temple St,Los Angeles,Los Angeles,90026,California,4,Medicare/Medicaid,Acute Care Hospitals,4268900.48,MU,426890.05,34.0687831737549,-118.263401539269,2015,2019
-118.099150371,33.9126134150001,276,"CPH HOSPITAL MANAGEMENT, LLC",1194016923,50771,13100 Studebaker Rd,Norwalk,Los Angeles,90650,California,4,Medicare/Medicaid,Acute Care Hospitals,2184880.1,MU,218488.01,33.9126134146518,-118.099150370737,2018,2020
-117.106056,33.4811340000001,277,Temecula Valley Hospital Inc,1679816201,50775,31700 Temecula Pkwy,Temecula,Riverside,92592,California,4,Medicare/Medicaid,Acute Care Hospitals,1164452.52,MU,116445.25,33.481134,-117.106056,2019,2020
-117.261171974,34.04920309,278,Loma Linda University Children's Hospital,1366866345,50778,"11234 Anderson St, Room 1150",Loma Linda,San Bernardino,92354,California,4,Medicaid,Acute Care Hospitals,9461302.37,MU,946130.24,34.0492030899336,-117.261171974219,2019,2020
-118.193049,33.80733,279,"CHLB, LLC",1215373626,50776,2776 Pacific Ave,Long Beach,Los Angeles,90806,California,4,Medicare/Medicaid,Acute Care Hospitals,5156236.71,MU,515623.67,33.80733,-118.193049,2019,2020
-121.25052,38.746809,280,KAISER FOUNDATION HOSPITALS,1073811378,50772,1600 Eureka Road,Roseville,Placer,95661,California,4,Medicare/Medicaid,Acute Care Hospitals,1165516,MU,116551.6,38.746809,-121.25052,2018,2019
-117.829236495,33.7309860130001,281,"Alta Newport Hospital, Inc.",1043632938,50780,14662 Newport Ave,Tustin,Orange,92780,California,4,Medicare/Medicaid,Acute Care Hospitals,968426,MU,96842.6,33.7309860132442,-117.829236495067,2019,2020
-120.462538882,39.805896777,282,EASTERN PLUMAS HEALTH CARE DISTRICT,1326044140,51300,500 1st Ave,Portola,Plumas,96122,California,4,Medicare/Medicaid,Acute Care Hospitals,531907.08,MU,53190.71,39.805896777339,-120.462538882047,2015,2016
-118.058161999,36.608399451,283,SOUTHERN INYO HOSPITAL,1831128602,51302,501 EAST LOCUST STREET,Lone Pine,Inyo,93545,California,2,Medicare/Medicaid,Acute Care Hospitals,593636.7,MU,222613.76,36.6083994505161,-118.058161999423,2013,2019
-118.448220893,35.1300525620001,284,ADVENTIST HEALTH MEDICAL CENTER TEHACHAPI,1275538530,51301,115 West E Street,Tehachapi,Kern,93561,California,4,Medicare/Medicaid,Acute Care Hospitals,516003.4,MU,51600.34,35.1300525622852,-118.448220893282,2017,2020
-119.976977415,37.500445488,285,JOHN C FREMONT HEALTHCARE DISTRICT,1184662652,51304,5189 Hospital Rd,Mariposa,Mariposa,95338,California,3,Medicare/Medicaid,Acute Care Hospitals,239747.26,MU,26638.5,37.500445488199,-119.976977414998,2016,2018
-118.244195927,33.9243464300001,286,"Martin Luther King, Jr. Healthcare Corporation",1114367497,50779,1680 E 120th St,Los Angeles,Los Angeles,90059,California,4,Medicare/Medicaid,Acute Care Hospitals,5288242.9,MU,528824.29,33.9243464296267,-118.244195927001,2019,2020
-122.208117632,39.520528476,287,"GLENN MEDICAL CENTER, INC",1619929759,51306,1133 W Sycamore St,Willows,Glenn,95988,California,4,Medicare/Medicaid,Acute Care Hospitals,919747.52,MU,91974.75,39.5205284760513,-122.208117631975,2017,2019
-120.17184793,41.532206848,288,SURPRISE VALLEY HEALTH CARE DISTRICT,1801973052,51308,741 Main Street,Cedarville,Modoc,96104,California,2,Medicare/Medicaid,Acute Care Hospitals,184615.39,MU,69230.77,41.5322068480839,-120.171847930261,2013,2014
-123.792693555,40.10157,289,SOUTHERN HUMBOLDT COMMUNITY HOSPITAL DISTRICT,1003819376,51309,733 Cedar St,Garberville,Humboldt,95542,California,2,Medicare/Medicaid,Acute Care Hospitals,772986.85,MU,289870.07,40.10157,-123.792693555485,2016,2018
-123.350598286,39.400875528,290,WILLITS HOSPITAL INC,1356339543,51310,1 Madrone St,Willits,Mendocino,95490,California,4,Medicare/Medicaid,Acute Care Hospitals,815334.6,MU,81533.46,39.4008755278438,-123.350598285764,2015,2019
-121.689666,39.3670114540001,291,BIGGS-GRIDLEY MEMORIAL HOSPITAL,1477522019,51311,240 Spruce St,Gridley,Butte,95948,California,3,Medicare/Medicaid,Acute Care Hospitals,665926.74,MU,73991.86,39.3670114543826,-121.689666,2014,2015
-118.963906452,37.6457587360001,292,SOUTHERN MONO HEALTHCARE DISTRICT,1962444059,51303,85 Sierra Park Road,Mammoth Lakes,Mono,93546,California,1,Medicare/Medicaid,Acute Care Hospitals,345199.57,AIU,345199.57,37.6457587359141,-118.96390645173,2012,2013
-118.406371888,35.635289976,293,KERN VALLEY HEALTHCARE DISTRICT,1427049964,51314,6412 Laurel Ave,Lake Isabella,Kern,93240,California,4,Medicare/Medicaid,Acute Care Hospitals,514572.83,MU,51457.28,35.6352899762318,-118.406371888382,2015,2019
-122.939902217,40.73773005,294,MOUNTAIN COMMUNITIES HEALTHCARE DISTRICT,1750462271,51315,60 Easter Avenue,Weaverville,Trinity,96093,California,2,Medicare/Medicaid,Acute Care Hospitals,627482.45,MU,235305.92,40.7377300497428,-122.939902217295,2013,2014
-122.645419048,41.7186384770001,295,SISKIYOU HOSPITAL INC.,1093892275,51316,444 Bruce Street,Yreka,Siskiyou,96097,California,2,Medicare/Medicaid,Acute Care Hospitals,1068119.1,MU,400544.66,41.7186384766282,-122.645419048329,2015,2017
-124.136004606,40.582324844,296,ST JOSEPH HEALTH NORTHERN CALIFORNIA LLC,1043292303,51318,3300 Renner Dr,Fortuna,Humboldt,95540,California,4,Medicare/Medicaid,Acute Care Hospitals,1247147.17,MU,124714.72,40.5823248440187,-124.136004605516,2015,2016
-122.620185173,38.936128384,297,ADVENTIST HEALTH CLEARLAKE HOSPITAL INC.,1124018031,51317,15630 18TH AVE,CLEARLAKE,Lake,95422,California,4,Medicare/Medicaid,Acute Care Hospitals,1460716.87,MU,146071.69,38.9361283835193,-122.620185172774,2015,2019
-121.424553,41.0233500000001,298,MAYERS MEMORIAL HOSPITAL DISTRICT,1912125667,51305,"43563 Highway 299 East, PO Box 459",Fall River Mills,Shasta,96028,California,4,Medicare/Medicaid,Acute Care Hospitals,1065544.77,MU,106554.48,41.02335,-121.424553,2015,2016
-122.863778533,38.6270280000001,299,NORTH SONOMA COUNTY HEALTH CARE DISTRICT,1194824573,51321,1375 University St,Healdsburg,Sonoma,95448,California,3,Medicare/Medicaid,Acute Care Hospitals,611331.04,MU,67925.67,38.627028,-122.863778533239,2017,2019
-122.392100763,37.7767154000001,300,DIGNITY COMMUNITY CARE,1518085430,51319,"185 Berry St, Suite 300",San Francisco,San Francisco,94107,California,4,Medicare/Medicaid,Acute Care Hospitals,837038.18,MU,83703.82,37.7767153999079,-122.392100763085,2017,2020
-118.407325517,37.3621754070001,301,NORTHERN INYO HEALTHCARE DISTRICT,1922198712,51324,150 Pioneer Ln,Bishop,Inyo,93514,California,4,Medicare/Medicaid,Acute Care Hospitals,1027757.52,MU,102775.75,37.3621754074384,-118.407325517052,2015,2016
-117.168045242,34.266505512,302,SAN BERNARDINO MOUNTAINS COMMUNITY HOSPITAL DISTRICT,1245380799,51312,"29101 Hospital Rd, PO Box 70",Lake Arrowhead,San Bernardino,92352,California,4,Medicare/Medicaid,Acute Care Hospitals,944030.69,MU,94403.07,34.266505511715,-117.168045241502,2014,2015
-120.624884458,40.43808641,303,BANNER LASSEN MEDICAL CENTER,1538197231,51320,1800 Spring Ridge Dr,Susanville,Lassen,96130,California,4,Medicare/Medicaid,Acute Care Hospitals,1371962.88,MU,137196.29,40.4380864101902,-120.62488445843,2014,2018
-123.800742187,39.4325797330001,304,MENDOCINO COAST HEALTH CARE DISTRICT,1538113725,51325,700 River Dr,Fort Bragg,Mendocino,95437,California,2,Medicare/Medicaid,Acute Care Hospitals,759198.71,MU,284699.52,39.4325797327905,-123.80074218671,2013,2014
-121.233982314,40.3054926790001,305,SENECA HEALTHCARE DISTRICT,1396848677,51327,130 Brentwood Drive,Chester,Plumas,96020,California,4,Medicare/Medicaid,Acute Care Hospitals,508501.9,MU,50850.19,40.3054926788092,-121.233982313972,2015,2016
-120.201332441,39.324539417,306,TAHOE FOREST HOSPITAL DISTRICT,1538265780,51328,10121 Pine Ave,Truckee,Nevada,96161,California,2,Medicare/Medicaid,Acute Care Hospitals,621315.39,MU,232993.27,39.3245394171906,-120.201332440707,2015,2016
-120.544088926,41.480061597,307,LAST FRONTIER HEALTHCARE DISTRICT,1487669032,51330,228 W McDowell Ave,Alturas,Modoc,96101,California,4,Medicare/Medicaid,Acute Care Hospitals,797141.17,MU,79714.12,41.4800615972303,-120.544088926239,2016,2019
-114.61766,34.83266,308,"Community Healthcare Partner, Inc",1457520942,51323,"1401 Bailey Ave, Colorado River Medical Center",Needles,San Bernardino,92363,California,4,Medicare/Medicaid,Acute Care Hospitals,959483.1,MU,95948.31,34.83266,-114.61766,2018,2019
-120.962145924,39.93920518,309,PLUMAS DISTRICT HOSPITAL,1326094269,51326,1065 Bucks Lake Road,Quincy,Plumas,95971,California,3,Medicare/Medicaid,Acute Care Hospitals,590688.7,MU,65632.08,39.9392051795833,-120.962145924087,2016,2019
-117.669853315,35.6402360490001,310,RIDGECREST REGIONAL HOSPITAL,1447253125,51333,1081 N China Lake Blvd,Ridgecrest,Kern,93555,California,4,Medicare/Medicaid,Acute Care Hospitals,961065,MU,96106.49,35.6402360489061,-117.66985331528,2018,2020
-120.670953178,38.1905684450001,311,MARK TWAIN MEDICAL CENTER,1508968819,51332,768 Mountain Ranch Rd,San Andreas,Calaveras,95249,California,2,Medicare/Medicaid,Acute Care Hospitals,398466.24,MU,149424.84,38.19056844515,-120.670953178372,2016,2018
-119.800377524,36.8843745980001,312,Children's Hospital Central California,1275694184,53300,9300 Valley Childrens Pl,Madera,Madera,93636,California,4,Medicaid,Children's Hospitals,8325194,MU,832519.39,36.8843745978131,-119.800377524208,2016,2019
-122.907916462,39.1054743120001,313,Sutter Bay Hospitals,1952634008,51329,5176 HILL ROAD EAST,LAKEPORT,Lake,95453,California,4,Medicare/Medicaid,Acute Care Hospitals,1142752.33,MU,114275.23,39.1054743124536,-122.90791646177,2016,2019
-122.267252075,37.8373378810001,314,Children's Hospital & Research Center at Oakland,1003961251,53301,747 52nd St,Oakland,Alameda,94609,California,4,Medicaid,Children's Hospitals,6760775.32,MU,676077.53,37.8373378814418,-122.267252074932,2016,2019
-117.866853,33.7811760000001,315,Children's Hospital of Orange County,1811080526,53304,455 S Main St,Orange,Orange,92868,California,4,Medicaid,Children's Hospitals,6113272.47,MU,611327.25,33.781176,-117.866853,2016,2019
-118.290636,34.098118535,316,Childrens Hospital of Los Angeles,1124073366,53302,4650 Sunset Blvd,Los Angeles,Los Angeles,90027,California,3,Medicaid,Children's Hospitals,6209208.55,MU,689912.06,34.0981185350859,-118.290636,2013,2014
-117.833859,33.7827150000001,317,HEALTHBRIDGE CHILDREN'S HOSPITAL-ORANGE CA LP,1225015985,53308,393 S Tustin St,Orange,Orange,92866,California,2,Medicaid,Children's Hospitals,1543558.29,MU,578834.36,33.782715,-117.833859,2015,2017
-117.866853,33.7811760000001,318,Children's Hospital at Mission,1699868398,53306,455 S Main St,Orange,Orange,92868,California,3,Medicaid,Children's Hospitals,1403281.35,MU,155920.15,33.781176,-117.866853,2016,2019
-122.1732135,37.4363280000001,319,LUCILE SALTER PACKARD CHILDREN'S HOSPITAL AT STANFORD,1467442749,53305,"725 Welch Rd, mail code 5500",Palo Alto,Santa Clara,94304,California,4,Medicaid,Children's Hospitals,5630849.63,MU,563084.96,37.436328,-122.1732135,2017,2019
-118.186632,33.808293,320,LONG BEACH MEMORIAL MEDICAL,1477596583,53309,2801 Atlantic Ave,Long Beach,Los Angeles,90806,California,4,Medicaid,Children's Hospitals,7951873.3,MU,795187.33,33.808293,-118.186632,2015,2016
-121.45545,38.5530120000001,321,SHRINERS HOSPITALS FOR CHILDREN,1962530451,53311,2425 Stockton Blvd,Sacramento,Sacramento,95817,California,4,Medicaid,Children's Hospitals,2184269.03,MU,218426.9,38.553012,-121.45545,2018,2020
-118.2864015,34.0671780000001,322,SHRINERS HOSPITALS FOR CHILDREN,1508908591,53310,3160 Geneva Street,Los Angeles,Los Angeles,90020,California,1,Medicaid,Children's Hospitals,427640.22,AIU,427640.22,34.067178,-118.2864015,2016,2017
-117.1520235,32.798322,323,Rady Childrens Hospital - San Diego,1710065933,53303,"3020 Childrens Way, Mail Code 5002",San Diego,San Diego,92123,California,4,Medicaid,Children's Hospitals,6329284.08,MU,632928.41,32.798322,-117.1520235,2014,2015
